geo,parametre,type_indic,seq_annee,lb_annee,i_b100
09,DBO5,indic_b100,1970-1975,1970,100
12,DBO5,indic_b100,1970-1975,1970,100
15,DBO5,indic_b100,1970-1975,1970,100
16,DBO5,indic_b100,1970-1975,1970,100
17,DBO5,indic_b100,1970-1975,1970,100
19,DBO5,indic_b100,1970-1975,1970,100
24,DBO5,indic_b100,1970-1975,1970,100
31,DBO5,indic_b100,1970-1975,1970,100
32,DBO5,indic_b100,1970-1975,1970,100
33,DBO5,indic_b100,1970-1975,1970,100
40,DBO5,indic_b100,1970-1975,1970,100
46,DBO5,indic_b100,1970-1975,1970,100
47,DBO5,indic_b100,1970-1975,1970,100
48,DBO5,indic_b100,1970-1975,1970,100
64,DBO5,indic_b100,1970-1975,1970,100
65,DBO5,indic_b100,1970-1975,1970,100
79,DBO5,indic_b100,1970-1975,1970,100
81,DBO5,indic_b100,1970-1975,1970,100
82,DBO5,indic_b100,1970-1975,1970,100
bag,DBO5,indic_b100,1970-1975,1970,100
FRF_ADOU,DBO5,indic_b100,1970-1975,1970,100
FRF_CHAR,DBO5,indic_b100,1970-1975,1970,100
FRF_DORD,DBO5,indic_b100,1970-1975,1970,100
FRF_GARO,DBO5,indic_b100,1970-1975,1970,100
FRF_LITT,DBO5,indic_b100,1970-1975,1970,100
FRF_LOT,DBO5,indic_b100,1970-1975,1970,100
FRF_TARN,DBO5,indic_b100,1970-1975,1970,100
09,NH4+,indic_b100,1970-1975,1970,100
12,NH4+,indic_b100,1970-1975,1970,100
15,NH4+,indic_b100,1970-1975,1970,100
16,NH4+,indic_b100,1970-1975,1970,100
17,NH4+,indic_b100,1970-1975,1970,100
19,NH4+,indic_b100,1970-1975,1970,100
24,NH4+,indic_b100,1970-1975,1970,100
31,NH4+,indic_b100,1970-1975,1970,100
32,NH4+,indic_b100,1970-1975,1970,100
33,NH4+,indic_b100,1970-1975,1970,100
40,NH4+,indic_b100,1970-1975,1970,100
46,NH4+,indic_b100,1970-1975,1970,100
47,NH4+,indic_b100,1970-1975,1970,100
48,NH4+,indic_b100,1970-1975,1970,100
64,NH4+,indic_b100,1970-1975,1970,100
65,NH4+,indic_b100,1970-1975,1970,100
79,NH4+,indic_b100,1970-1975,1970,100
81,NH4+,indic_b100,1970-1975,1970,100
82,NH4+,indic_b100,1970-1975,1970,100
bag,NH4+,indic_b100,1970-1975,1970,100
FRF_ADOU,NH4+,indic_b100,1970-1975,1970,100
FRF_CHAR,NH4+,indic_b100,1970-1975,1970,100
FRF_DORD,NH4+,indic_b100,1970-1975,1970,100
FRF_GARO,NH4+,indic_b100,1970-1975,1970,100
FRF_LITT,NH4+,indic_b100,1970-1975,1970,100
FRF_LOT,NH4+,indic_b100,1970-1975,1970,100
FRF_TARN,NH4+,indic_b100,1970-1975,1970,100
09,NO3-,indic_b100,1970-1975,1970,100
12,NO3-,indic_b100,1970-1975,1970,100
15,NO3-,indic_b100,1970-1975,1970,100
16,NO3-,indic_b100,1970-1975,1970,100
17,NO3-,indic_b100,1970-1975,1970,100
19,NO3-,indic_b100,1970-1975,1970,100
24,NO3-,indic_b100,1970-1975,1970,100
31,NO3-,indic_b100,1970-1975,1970,100
32,NO3-,indic_b100,1970-1975,1970,100
33,NO3-,indic_b100,1970-1975,1970,100
40,NO3-,indic_b100,1970-1975,1970,100
46,NO3-,indic_b100,1970-1975,1970,100
47,NO3-,indic_b100,1970-1975,1970,100
48,NO3-,indic_b100,1970-1975,1970,100
64,NO3-,indic_b100,1970-1975,1970,100
65,NO3-,indic_b100,1970-1975,1970,100
79,NO3-,indic_b100,1970-1975,1970,100
81,NO3-,indic_b100,1970-1975,1970,100
82,NO3-,indic_b100,1970-1975,1970,100
bag,NO3-,indic_b100,1970-1975,1970,100
FRF_ADOU,NO3-,indic_b100,1970-1975,1970,100
FRF_CHAR,NO3-,indic_b100,1970-1975,1970,100
FRF_DORD,NO3-,indic_b100,1970-1975,1970,100
FRF_GARO,NO3-,indic_b100,1970-1975,1970,100
FRF_LITT,NO3-,indic_b100,1970-1975,1970,100
FRF_LOT,NO3-,indic_b100,1970-1975,1970,100
FRF_TARN,NO3-,indic_b100,1970-1975,1970,100
09,Orthophosp,indic_b100,1970-1975,1970,100
12,Orthophosp,indic_b100,1970-1975,1970,100
15,Orthophosp,indic_b100,1970-1975,1970,100
16,Orthophosp,indic_b100,1970-1975,1970,100
17,Orthophosp,indic_b100,1970-1975,1970,100
19,Orthophosp,indic_b100,1970-1975,1970,100
24,Orthophosp,indic_b100,1970-1975,1970,100
31,Orthophosp,indic_b100,1970-1975,1970,100
32,Orthophosp,indic_b100,1970-1975,1970,100
33,Orthophosp,indic_b100,1970-1975,1970,100
40,Orthophosp,indic_b100,1970-1975,1970,100
46,Orthophosp,indic_b100,1970-1975,1970,100
47,Orthophosp,indic_b100,1970-1975,1970,100
48,Orthophosp,indic_b100,1970-1975,1970,100
64,Orthophosp,indic_b100,1970-1975,1970,100
65,Orthophosp,indic_b100,1970-1975,1970,100
79,Orthophosp,indic_b100,1970-1975,1970,100
81,Orthophosp,indic_b100,1970-1975,1970,100
82,Orthophosp,indic_b100,1970-1975,1970,100
bag,Orthophosp,indic_b100,1970-1975,1970,100
FRF_ADOU,Orthophosp,indic_b100,1970-1975,1970,100
FRF_CHAR,Orthophosp,indic_b100,1970-1975,1970,100
FRF_DORD,Orthophosp,indic_b100,1970-1975,1970,100
FRF_GARO,Orthophosp,indic_b100,1970-1975,1970,100
FRF_LITT,Orthophosp,indic_b100,1970-1975,1970,100
FRF_LOT,Orthophosp,indic_b100,1970-1975,1970,100
FRF_TARN,Orthophosp,indic_b100,1970-1975,1970,100
09,DBO5,indic_b100,1975-1980,1975,"101,2"
12,DBO5,indic_b100,1975-1980,1975,"63,4"
15,DBO5,indic_b100,1975-1980,1975,"74,8"
16,DBO5,indic_b100,1975-1980,1975,"50,6"
17,DBO5,indic_b100,1975-1980,1975,"78,8"
19,DBO5,indic_b100,1975-1980,1975,"85,4"
24,DBO5,indic_b100,1975-1980,1975,"74,6"
31,DBO5,indic_b100,1975-1980,1975,"64,4"
32,DBO5,indic_b100,1975-1980,1975,59
33,DBO5,indic_b100,1975-1980,1975,67
40,DBO5,indic_b100,1975-1980,1975,"77,2"
46,DBO5,indic_b100,1975-1980,1975,"75,8"
47,DBO5,indic_b100,1975-1980,1975,"50,2"
48,DBO5,indic_b100,1975-1980,1975,55
64,DBO5,indic_b100,1975-1980,1975,"71,2"
65,DBO5,indic_b100,1975-1980,1975,52
79,DBO5,indic_b100,1975-1980,1975,"96,4"
81,DBO5,indic_b100,1975-1980,1975,"60,8"
82,DBO5,indic_b100,1975-1980,1975,"64,6"
bag,DBO5,indic_b100,1975-1980,1975,"64,8"
FRF_ADOU,DBO5,indic_b100,1975-1980,1975,"73,6"
FRF_CHAR,DBO5,indic_b100,1975-1980,1975,"56,6"
FRF_DORD,DBO5,indic_b100,1975-1980,1975,"77,6"
FRF_GARO,DBO5,indic_b100,1975-1980,1975,"61,8"
FRF_LITT,DBO5,indic_b100,1975-1980,1975,"70,4"
FRF_LOT,DBO5,indic_b100,1975-1980,1975,"57,6"
FRF_TARN,DBO5,indic_b100,1975-1980,1975,60
09,NH4+,indic_b100,1975-1980,1975,"95,8"
12,NH4+,indic_b100,1975-1980,1975,"98,2"
15,NH4+,indic_b100,1975-1980,1975,"118,4"
16,NH4+,indic_b100,1975-1980,1975,"71,2"
17,NH4+,indic_b100,1975-1980,1975,"87,8"
19,NH4+,indic_b100,1975-1980,1975,"65,4"
24,NH4+,indic_b100,1975-1980,1975,"56,2"
31,NH4+,indic_b100,1975-1980,1975,"75,2"
32,NH4+,indic_b100,1975-1980,1975,"36,8"
33,NH4+,indic_b100,1975-1980,1975,51
40,NH4+,indic_b100,1975-1980,1975,"98,6"
46,NH4+,indic_b100,1975-1980,1975,"108,6"
47,NH4+,indic_b100,1975-1980,1975,"56,8"
48,NH4+,indic_b100,1975-1980,1975,68
64,NH4+,indic_b100,1975-1980,1975,"153,6"
65,NH4+,indic_b100,1975-1980,1975,"81,6"
79,NH4+,indic_b100,1975-1980,1975,"205,6"
81,NH4+,indic_b100,1975-1980,1975,"62,6"
82,NH4+,indic_b100,1975-1980,1975,"57,2"
bag,NH4+,indic_b100,1975-1980,1975,"70,8"
FRF_ADOU,NH4+,indic_b100,1975-1980,1975,"123,2"
FRF_CHAR,NH4+,indic_b100,1975-1980,1975,"78,4"
FRF_DORD,NH4+,indic_b100,1975-1980,1975,"60,8"
FRF_GARO,NH4+,indic_b100,1975-1980,1975,62
FRF_LITT,NH4+,indic_b100,1975-1980,1975,"120,4"
FRF_LOT,NH4+,indic_b100,1975-1980,1975,"88,2"
FRF_TARN,NH4+,indic_b100,1975-1980,1975,"61,6"
09,NO3-,indic_b100,1975-1980,1975,"102,4"
12,NO3-,indic_b100,1975-1980,1975,"108,2"
15,NO3-,indic_b100,1975-1980,1975,115
16,NO3-,indic_b100,1975-1980,1975,172
17,NO3-,indic_b100,1975-1980,1975,"158,2"
19,NO3-,indic_b100,1975-1980,1975,131
24,NO3-,indic_b100,1975-1980,1975,"123,4"
31,NO3-,indic_b100,1975-1980,1975,"114,8"
32,NO3-,indic_b100,1975-1980,1975,"123,8"
33,NO3-,indic_b100,1975-1980,1975,"123,6"
40,NO3-,indic_b100,1975-1980,1975,"141,6"
46,NO3-,indic_b100,1975-1980,1975,"114,6"
47,NO3-,indic_b100,1975-1980,1975,"126,2"
48,NO3-,indic_b100,1975-1980,1975,115
64,NO3-,indic_b100,1975-1980,1975,"107,2"
65,NO3-,indic_b100,1975-1980,1975,"80,6"
79,NO3-,indic_b100,1975-1980,1975,"161,8"
81,NO3-,indic_b100,1975-1980,1975,"111,4"
82,NO3-,indic_b100,1975-1980,1975,"125,8"
bag,NO3-,indic_b100,1975-1980,1975,"118,8"
FRF_ADOU,NO3-,indic_b100,1975-1980,1975,"125,2"
FRF_CHAR,NO3-,indic_b100,1975-1980,1975,154
FRF_DORD,NO3-,indic_b100,1975-1980,1975,"125,4"
FRF_GARO,NO3-,indic_b100,1975-1980,1975,"108,6"
FRF_LITT,NO3-,indic_b100,1975-1980,1975,"133,6"
FRF_LOT,NO3-,indic_b100,1975-1980,1975,113
FRF_TARN,NO3-,indic_b100,1975-1980,1975,113
09,Orthophosp,indic_b100,1975-1980,1975,141
12,Orthophosp,indic_b100,1975-1980,1975,"98,8"
15,Orthophosp,indic_b100,1975-1980,1975,"133,4"
16,Orthophosp,indic_b100,1975-1980,1975,86
17,Orthophosp,indic_b100,1975-1980,1975,83
19,Orthophosp,indic_b100,1975-1980,1975,146
24,Orthophosp,indic_b100,1975-1980,1975,"107,2"
31,Orthophosp,indic_b100,1975-1980,1975,"58,6"
32,Orthophosp,indic_b100,1975-1980,1975,"99,4"
33,Orthophosp,indic_b100,1975-1980,1975,"78,4"
40,Orthophosp,indic_b100,1975-1980,1975,"88,8"
46,Orthophosp,indic_b100,1975-1980,1975,"105,8"
47,Orthophosp,indic_b100,1975-1980,1975,"83,8"
48,Orthophosp,indic_b100,1975-1980,1975,79
64,Orthophosp,indic_b100,1975-1980,1975,"105,2"
65,Orthophosp,indic_b100,1975-1980,1975,"133,6"
79,Orthophosp,indic_b100,1975-1980,1975,374
81,Orthophosp,indic_b100,1975-1980,1975,"57,2"
82,Orthophosp,indic_b100,1975-1980,1975,62
bag,Orthophosp,indic_b100,1975-1980,1975,"88,6"
FRF_ADOU,Orthophosp,indic_b100,1975-1980,1975,"106,2"
FRF_CHAR,Orthophosp,indic_b100,1975-1980,1975,97
FRF_DORD,Orthophosp,indic_b100,1975-1980,1975,"106,8"
FRF_GARO,Orthophosp,indic_b100,1975-1980,1975,"78,2"
FRF_LITT,Orthophosp,indic_b100,1975-1980,1975,"73,8"
FRF_LOT,Orthophosp,indic_b100,1975-1980,1975,"89,4"
FRF_TARN,Orthophosp,indic_b100,1975-1980,1975,"66,8"
09,DBO5,indic_b100,1980-1985,1980,"78,2"
12,DBO5,indic_b100,1980-1985,1980,"65,8"
15,DBO5,indic_b100,1980-1985,1980,"62,8"
16,DBO5,indic_b100,1980-1985,1980,"55,6"
17,DBO5,indic_b100,1980-1985,1980,"80,8"
19,DBO5,indic_b100,1980-1985,1980,"70,6"
24,DBO5,indic_b100,1980-1985,1980,"74,4"
31,DBO5,indic_b100,1980-1985,1980,"63,8"
32,DBO5,indic_b100,1980-1985,1980,"69,8"
33,DBO5,indic_b100,1980-1985,1980,75
40,DBO5,indic_b100,1980-1985,1980,"83,6"
46,DBO5,indic_b100,1980-1985,1980,"84,4"
47,DBO5,indic_b100,1980-1985,1980,"49,4"
48,DBO5,indic_b100,1980-1985,1980,"48,8"
64,DBO5,indic_b100,1980-1985,1980,"64,2"
65,DBO5,indic_b100,1980-1985,1980,"47,8"
79,DBO5,indic_b100,1980-1985,1980,"66,4"
81,DBO5,indic_b100,1980-1985,1980,"64,6"
82,DBO5,indic_b100,1980-1985,1980,"60,6"
bag,DBO5,indic_b100,1980-1985,1980,"64,4"
FRF_ADOU,DBO5,indic_b100,1980-1985,1980,"70,2"
FRF_CHAR,DBO5,indic_b100,1980-1985,1980,"55,6"
FRF_DORD,DBO5,indic_b100,1980-1985,1980,"74,2"
FRF_GARO,DBO5,indic_b100,1980-1985,1980,"61,6"
FRF_LITT,DBO5,indic_b100,1980-1985,1980,"92,2"
FRF_LOT,DBO5,indic_b100,1980-1985,1980,"57,2"
FRF_TARN,DBO5,indic_b100,1980-1985,1980,"60,4"
09,NH4+,indic_b100,1980-1985,1980,"52,8"
12,NH4+,indic_b100,1980-1985,1980,52
15,NH4+,indic_b100,1980-1985,1980,"164,8"
16,NH4+,indic_b100,1980-1985,1980,61
17,NH4+,indic_b100,1980-1985,1980,"68,6"
19,NH4+,indic_b100,1980-1985,1980,38
24,NH4+,indic_b100,1980-1985,1980,"43,8"
31,NH4+,indic_b100,1980-1985,1980,54
32,NH4+,indic_b100,1980-1985,1980,"18,6"
33,NH4+,indic_b100,1980-1985,1980,39
40,NH4+,indic_b100,1980-1985,1980,"106,6"
46,NH4+,indic_b100,1980-1985,1980,"96,2"
47,NH4+,indic_b100,1980-1985,1980,"38,8"
48,NH4+,indic_b100,1980-1985,1980,"51,6"
64,NH4+,indic_b100,1980-1985,1980,"98,6"
65,NH4+,indic_b100,1980-1985,1980,"50,6"
79,NH4+,indic_b100,1980-1985,1980,"90,8"
81,NH4+,indic_b100,1980-1985,1980,"105,4"
82,NH4+,indic_b100,1980-1985,1980,45
bag,NH4+,indic_b100,1980-1985,1980,"56,6"
FRF_ADOU,NH4+,indic_b100,1980-1985,1980,98
FRF_CHAR,NH4+,indic_b100,1980-1985,1980,66
FRF_DORD,NH4+,indic_b100,1980-1985,1980,"43,6"
FRF_GARO,NH4+,indic_b100,1980-1985,1980,"43,6"
FRF_LITT,NH4+,indic_b100,1980-1985,1980,"84,4"
FRF_LOT,NH4+,indic_b100,1980-1985,1980,"69,4"
FRF_TARN,NH4+,indic_b100,1980-1985,1980,"65,4"
09,NO3-,indic_b100,1980-1985,1980,"152,8"
12,NO3-,indic_b100,1980-1985,1980,"135,8"
15,NO3-,indic_b100,1980-1985,1980,"218,6"
16,NO3-,indic_b100,1980-1985,1980,212
17,NO3-,indic_b100,1980-1985,1980,"180,4"
19,NO3-,indic_b100,1980-1985,1980,"163,6"
24,NO3-,indic_b100,1980-1985,1980,"151,4"
31,NO3-,indic_b100,1980-1985,1980,145
32,NO3-,indic_b100,1980-1985,1980,"168,6"
33,NO3-,indic_b100,1980-1985,1980,"139,2"
40,NO3-,indic_b100,1980-1985,1980,"196,4"
46,NO3-,indic_b100,1980-1985,1980,"145,6"
47,NO3-,indic_b100,1980-1985,1980,"160,2"
48,NO3-,indic_b100,1980-1985,1980,"185,8"
64,NO3-,indic_b100,1980-1985,1980,136
65,NO3-,indic_b100,1980-1985,1980,"104,4"
79,NO3-,indic_b100,1980-1985,1980,"273,2"
81,NO3-,indic_b100,1980-1985,1980,"146,4"
82,NO3-,indic_b100,1980-1985,1980,"131,8"
bag,NO3-,indic_b100,1980-1985,1980,"154,8"
FRF_ADOU,NO3-,indic_b100,1980-1985,1980,"170,4"
FRF_CHAR,NO3-,indic_b100,1980-1985,1980,"188,4"
FRF_DORD,NO3-,indic_b100,1980-1985,1980,"157,6"
FRF_GARO,NO3-,indic_b100,1980-1985,1980,"135,2"
FRF_LITT,NO3-,indic_b100,1980-1985,1980,"138,2"
FRF_LOT,NO3-,indic_b100,1980-1985,1980,"161,8"
FRF_TARN,NO3-,indic_b100,1980-1985,1980,"148,6"
09,Orthophosp,indic_b100,1980-1985,1980,121
12,Orthophosp,indic_b100,1980-1985,1980,"77,4"
15,Orthophosp,indic_b100,1980-1985,1980,"226,2"
16,Orthophosp,indic_b100,1980-1985,1980,"94,2"
17,Orthophosp,indic_b100,1980-1985,1980,"75,6"
19,Orthophosp,indic_b100,1980-1985,1980,"90,4"
24,Orthophosp,indic_b100,1980-1985,1980,"75,2"
31,Orthophosp,indic_b100,1980-1985,1980,"67,8"
32,Orthophosp,indic_b100,1980-1985,1980,103
33,Orthophosp,indic_b100,1980-1985,1980,82
40,Orthophosp,indic_b100,1980-1985,1980,"111,8"
46,Orthophosp,indic_b100,1980-1985,1980,91
47,Orthophosp,indic_b100,1980-1985,1980,80
48,Orthophosp,indic_b100,1980-1985,1980,"97,2"
64,Orthophosp,indic_b100,1980-1985,1980,"105,8"
65,Orthophosp,indic_b100,1980-1985,1980,"169,6"
79,Orthophosp,indic_b100,1980-1985,1980,171
81,Orthophosp,indic_b100,1980-1985,1980,"85,6"
82,Orthophosp,indic_b100,1980-1985,1980,"67,2"
bag,Orthophosp,indic_b100,1980-1985,1980,"89,4"
FRF_ADOU,Orthophosp,indic_b100,1980-1985,1980,"113,8"
FRF_CHAR,Orthophosp,indic_b100,1980-1985,1980,"101,6"
FRF_DORD,Orthophosp,indic_b100,1980-1985,1980,"83,4"
FRF_GARO,Orthophosp,indic_b100,1980-1985,1980,"82,6"
FRF_LITT,Orthophosp,indic_b100,1980-1985,1980,73
FRF_LOT,Orthophosp,indic_b100,1980-1985,1980,"76,6"
FRF_TARN,Orthophosp,indic_b100,1980-1985,1980,"81,2"
09,DBO5,indic_b100,1985-1990,1985,"93,2"
12,DBO5,indic_b100,1985-1990,1985,69
15,DBO5,indic_b100,1985-1990,1985,"61,8"
16,DBO5,indic_b100,1985-1990,1985,"93,2"
17,DBO5,indic_b100,1985-1990,1985,"90,2"
19,DBO5,indic_b100,1985-1990,1985,"123,4"
24,DBO5,indic_b100,1985-1990,1985,"81,4"
31,DBO5,indic_b100,1985-1990,1985,"64,8"
32,DBO5,indic_b100,1985-1990,1985,"68,4"
33,DBO5,indic_b100,1985-1990,1985,"85,8"
40,DBO5,indic_b100,1985-1990,1985,"87,4"
46,DBO5,indic_b100,1985-1990,1985,59
47,DBO5,indic_b100,1985-1990,1985,"48,2"
48,DBO5,indic_b100,1985-1990,1985,"65,6"
64,DBO5,indic_b100,1985-1990,1985,"59,8"
65,DBO5,indic_b100,1985-1990,1985,39
79,DBO5,indic_b100,1985-1990,1985,"90,2"
81,DBO5,indic_b100,1985-1990,1985,"96,8"
82,DBO5,indic_b100,1985-1990,1985,49
bag,DBO5,indic_b100,1985-1990,1985,"71,8"
FRF_ADOU,DBO5,indic_b100,1985-1990,1985,"73,6"
FRF_CHAR,DBO5,indic_b100,1985-1990,1985,"91,6"
FRF_DORD,DBO5,indic_b100,1985-1990,1985,"87,2"
FRF_GARO,DBO5,indic_b100,1985-1990,1985,"57,8"
FRF_LITT,DBO5,indic_b100,1985-1990,1985,"100,4"
FRF_LOT,DBO5,indic_b100,1985-1990,1985,"67,6"
FRF_TARN,DBO5,indic_b100,1985-1990,1985,"72,8"
09,NH4+,indic_b100,1985-1990,1985,"84,8"
12,NH4+,indic_b100,1985-1990,1985,75
15,NH4+,indic_b100,1985-1990,1985,"77,6"
16,NH4+,indic_b100,1985-1990,1985,"81,2"
17,NH4+,indic_b100,1985-1990,1985,"125,8"
19,NH4+,indic_b100,1985-1990,1985,"18,4"
24,NH4+,indic_b100,1985-1990,1985,"41,8"
31,NH4+,indic_b100,1985-1990,1985,"57,4"
32,NH4+,indic_b100,1985-1990,1985,"16,2"
33,NH4+,indic_b100,1985-1990,1985,44
40,NH4+,indic_b100,1985-1990,1985,"112,8"
46,NH4+,indic_b100,1985-1990,1985,"137,2"
47,NH4+,indic_b100,1985-1990,1985,51
48,NH4+,indic_b100,1985-1990,1985,"78,4"
64,NH4+,indic_b100,1985-1990,1985,"98,2"
65,NH4+,indic_b100,1985-1990,1985,36
79,NH4+,indic_b100,1985-1990,1985,"96,6"
81,NH4+,indic_b100,1985-1990,1985,"66,2"
82,NH4+,indic_b100,1985-1990,1985,"84,6"
bag,NH4+,indic_b100,1985-1990,1985,"65,4"
FRF_ADOU,NH4+,indic_b100,1985-1990,1985,"110,4"
FRF_CHAR,NH4+,indic_b100,1985-1990,1985,"77,8"
FRF_DORD,NH4+,indic_b100,1985-1990,1985,42
FRF_GARO,NH4+,indic_b100,1985-1990,1985,"52,2"
FRF_LITT,NH4+,indic_b100,1985-1990,1985,"121,4"
FRF_LOT,NH4+,indic_b100,1985-1990,1985,"93,6"
FRF_TARN,NH4+,indic_b100,1985-1990,1985,"71,8"
09,NO3-,indic_b100,1985-1990,1985,"132,8"
12,NO3-,indic_b100,1985-1990,1985,"165,2"
15,NO3-,indic_b100,1985-1990,1985,"146,2"
16,NO3-,indic_b100,1985-1990,1985,"201,8"
17,NO3-,indic_b100,1985-1990,1985,"158,2"
19,NO3-,indic_b100,1985-1990,1985,"154,6"
24,NO3-,indic_b100,1985-1990,1985,"130,6"
31,NO3-,indic_b100,1985-1990,1985,149
32,NO3-,indic_b100,1985-1990,1985,"241,2"
33,NO3-,indic_b100,1985-1990,1985,"169,6"
40,NO3-,indic_b100,1985-1990,1985,"273,2"
46,NO3-,indic_b100,1985-1990,1985,"165,8"
47,NO3-,indic_b100,1985-1990,1985,"163,4"
48,NO3-,indic_b100,1985-1990,1985,"204,2"
64,NO3-,indic_b100,1985-1990,1985,"162,2"
65,NO3-,indic_b100,1985-1990,1985,"147,4"
79,NO3-,indic_b100,1985-1990,1985,"376,6"
81,NO3-,indic_b100,1985-1990,1985,"114,8"
82,NO3-,indic_b100,1985-1990,1985,"154,6"
bag,NO3-,indic_b100,1985-1990,1985,"158,8"
FRF_ADOU,NO3-,indic_b100,1985-1990,1985,"221,6"
FRF_CHAR,NO3-,indic_b100,1985-1990,1985,"181,8"
FRF_DORD,NO3-,indic_b100,1985-1990,1985,"141,8"
FRF_GARO,NO3-,indic_b100,1985-1990,1985,144
FRF_LITT,NO3-,indic_b100,1985-1990,1985,"134,2"
FRF_LOT,NO3-,indic_b100,1985-1990,1985,"175,4"
FRF_TARN,NO3-,indic_b100,1985-1990,1985,146
09,Orthophosp,indic_b100,1985-1990,1985,"117,6"
12,Orthophosp,indic_b100,1985-1990,1985,"112,4"
15,Orthophosp,indic_b100,1985-1990,1985,"77,8"
16,Orthophosp,indic_b100,1985-1990,1985,"120,8"
17,Orthophosp,indic_b100,1985-1990,1985,"100,8"
19,Orthophosp,indic_b100,1985-1990,1985,106
24,Orthophosp,indic_b100,1985-1990,1985,"113,4"
31,Orthophosp,indic_b100,1985-1990,1985,"89,2"
32,Orthophosp,indic_b100,1985-1990,1985,"98,8"
33,Orthophosp,indic_b100,1985-1990,1985,86
40,Orthophosp,indic_b100,1985-1990,1985,"121,8"
46,Orthophosp,indic_b100,1985-1990,1985,"103,8"
47,Orthophosp,indic_b100,1985-1990,1985,"92,4"
48,Orthophosp,indic_b100,1985-1990,1985,"104,8"
64,Orthophosp,indic_b100,1985-1990,1985,"106,6"
65,Orthophosp,indic_b100,1985-1990,1985,"150,6"
79,Orthophosp,indic_b100,1985-1990,1985,"174,6"
81,Orthophosp,indic_b100,1985-1990,1985,"68,2"
82,Orthophosp,indic_b100,1985-1990,1985,82
bag,Orthophosp,indic_b100,1985-1990,1985,"99,2"
FRF_ADOU,Orthophosp,indic_b100,1985-1990,1985,"117,4"
FRF_CHAR,Orthophosp,indic_b100,1985-1990,1985,"123,8"
FRF_DORD,Orthophosp,indic_b100,1985-1990,1985,"102,2"
FRF_GARO,Orthophosp,indic_b100,1985-1990,1985,"95,8"
FRF_LITT,Orthophosp,indic_b100,1985-1990,1985,"81,8"
FRF_LOT,Orthophosp,indic_b100,1985-1990,1985,"109,6"
FRF_TARN,Orthophosp,indic_b100,1985-1990,1985,"79,6"
09,DBO5,indic_b100,1990-1995,1990,"64,6"
12,DBO5,indic_b100,1990-1995,1990,"58,2"
15,DBO5,indic_b100,1990-1995,1990,"38,6"
16,DBO5,indic_b100,1990-1995,1990,"91,8"
17,DBO5,indic_b100,1990-1995,1990,66
19,DBO5,indic_b100,1990-1995,1990,"130,2"
24,DBO5,indic_b100,1990-1995,1990,"58,4"
31,DBO5,indic_b100,1990-1995,1990,"54,2"
32,DBO5,indic_b100,1990-1995,1990,"55,6"
33,DBO5,indic_b100,1990-1995,1990,"67,8"
40,DBO5,indic_b100,1990-1995,1990,66
46,DBO5,indic_b100,1990-1995,1990,58
47,DBO5,indic_b100,1990-1995,1990,44
48,DBO5,indic_b100,1990-1995,1990,"49,2"
64,DBO5,indic_b100,1990-1995,1990,"54,8"
65,DBO5,indic_b100,1990-1995,1990,"32,4"
79,DBO5,indic_b100,1990-1995,1990,"85,8"
81,DBO5,indic_b100,1990-1995,1990,"56,2"
82,DBO5,indic_b100,1990-1995,1990,45
bag,DBO5,indic_b100,1990-1995,1990,"56,4"
FRF_ADOU,DBO5,indic_b100,1990-1995,1990,"58,6"
FRF_CHAR,DBO5,indic_b100,1990-1995,1990,"82,4"
FRF_DORD,DBO5,indic_b100,1990-1995,1990,73
FRF_GARO,DBO5,indic_b100,1990-1995,1990,"47,6"
FRF_LITT,DBO5,indic_b100,1990-1995,1990,"78,6"
FRF_LOT,DBO5,indic_b100,1990-1995,1990,"54,6"
FRF_TARN,DBO5,indic_b100,1990-1995,1990,"47,8"
09,NH4+,indic_b100,1990-1995,1990,53
12,NH4+,indic_b100,1990-1995,1990,"49,8"
15,NH4+,indic_b100,1990-1995,1990,42
16,NH4+,indic_b100,1990-1995,1990,28
17,NH4+,indic_b100,1990-1995,1990,"50,2"
19,NH4+,indic_b100,1990-1995,1990,"15,8"
24,NH4+,indic_b100,1990-1995,1990,25
31,NH4+,indic_b100,1990-1995,1990,"23,4"
32,NH4+,indic_b100,1990-1995,1990,"12,8"
33,NH4+,indic_b100,1990-1995,1990,"21,4"
40,NH4+,indic_b100,1990-1995,1990,"50,4"
46,NH4+,indic_b100,1990-1995,1990,"73,6"
47,NH4+,indic_b100,1990-1995,1990,"29,4"
48,NH4+,indic_b100,1990-1995,1990,"29,8"
64,NH4+,indic_b100,1990-1995,1990,"63,6"
65,NH4+,indic_b100,1990-1995,1990,"22,2"
79,NH4+,indic_b100,1990-1995,1990,"82,4"
81,NH4+,indic_b100,1990-1995,1990,"39,4"
82,NH4+,indic_b100,1990-1995,1990,"38,6"
bag,NH4+,indic_b100,1990-1995,1990,"33,8"
FRF_ADOU,NH4+,indic_b100,1990-1995,1990,"59,4"
FRF_CHAR,NH4+,indic_b100,1990-1995,1990,34
FRF_DORD,NH4+,indic_b100,1990-1995,1990,"24,8"
FRF_GARO,NH4+,indic_b100,1990-1995,1990,"23,4"
FRF_LITT,NH4+,indic_b100,1990-1995,1990,"62,4"
FRF_LOT,NH4+,indic_b100,1990-1995,1990,"46,8"
FRF_TARN,NH4+,indic_b100,1990-1995,1990,"37,6"
09,NO3-,indic_b100,1990-1995,1990,"137,4"
12,NO3-,indic_b100,1990-1995,1990,"176,6"
15,NO3-,indic_b100,1990-1995,1990,"116,6"
16,NO3-,indic_b100,1990-1995,1990,"221,6"
17,NO3-,indic_b100,1990-1995,1990,"171,4"
19,NO3-,indic_b100,1990-1995,1990,"140,2"
24,NO3-,indic_b100,1990-1995,1990,"152,8"
31,NO3-,indic_b100,1990-1995,1990,"166,8"
32,NO3-,indic_b100,1990-1995,1990,218
33,NO3-,indic_b100,1990-1995,1990,"174,2"
40,NO3-,indic_b100,1990-1995,1990,"247,8"
46,NO3-,indic_b100,1990-1995,1990,"186,4"
47,NO3-,indic_b100,1990-1995,1990,"181,4"
48,NO3-,indic_b100,1990-1995,1990,"202,4"
64,NO3-,indic_b100,1990-1995,1990,"145,8"
65,NO3-,indic_b100,1990-1995,1990,132
79,NO3-,indic_b100,1990-1995,1990,"285,2"
81,NO3-,indic_b100,1990-1995,1990,"182,2"
82,NO3-,indic_b100,1990-1995,1990,"167,8"
bag,NO3-,indic_b100,1990-1995,1990,171
FRF_ADOU,NO3-,indic_b100,1990-1995,1990,"205,6"
FRF_CHAR,NO3-,indic_b100,1990-1995,1990,"201,4"
FRF_DORD,NO3-,indic_b100,1990-1995,1990,"148,8"
FRF_GARO,NO3-,indic_b100,1990-1995,1990,"154,6"
FRF_LITT,NO3-,indic_b100,1990-1995,1990,"153,8"
FRF_LOT,NO3-,indic_b100,1990-1995,1990,"176,2"
FRF_TARN,NO3-,indic_b100,1990-1995,1990,"183,8"
09,Orthophosp,indic_b100,1990-1995,1990,"99,8"
12,Orthophosp,indic_b100,1990-1995,1990,"86,4"
15,Orthophosp,indic_b100,1990-1995,1990,57
16,Orthophosp,indic_b100,1990-1995,1990,"76,8"
17,Orthophosp,indic_b100,1990-1995,1990,69
19,Orthophosp,indic_b100,1990-1995,1990,"52,2"
24,Orthophosp,indic_b100,1990-1995,1990,"85,2"
31,Orthophosp,indic_b100,1990-1995,1990,57
32,Orthophosp,indic_b100,1990-1995,1990,100
33,Orthophosp,indic_b100,1990-1995,1990,"60,8"
40,Orthophosp,indic_b100,1990-1995,1990,"159,8"
46,Orthophosp,indic_b100,1990-1995,1990,90
47,Orthophosp,indic_b100,1990-1995,1990,"78,4"
48,Orthophosp,indic_b100,1990-1995,1990,62
64,Orthophosp,indic_b100,1990-1995,1990,"104,8"
65,Orthophosp,indic_b100,1990-1995,1990,"96,2"
79,Orthophosp,indic_b100,1990-1995,1990,"117,4"
81,Orthophosp,indic_b100,1990-1995,1990,"48,8"
82,Orthophosp,indic_b100,1990-1995,1990,"50,6"
bag,Orthophosp,indic_b100,1990-1995,1990,73
FRF_ADOU,Orthophosp,indic_b100,1990-1995,1990,"118,4"
FRF_CHAR,Orthophosp,indic_b100,1990-1995,1990,82
FRF_DORD,Orthophosp,indic_b100,1990-1995,1990,"62,2"
FRF_GARO,Orthophosp,indic_b100,1990-1995,1990,"70,2"
FRF_LITT,Orthophosp,indic_b100,1990-1995,1990,"55,8"
FRF_LOT,Orthophosp,indic_b100,1990-1995,1990,"86,8"
FRF_TARN,Orthophosp,indic_b100,1990-1995,1990,"51,2"
09,DBO5,indic_b100,1995-2000,1995,"93,8"
12,DBO5,indic_b100,1995-2000,1995,"56,2"
15,DBO5,indic_b100,1995-2000,1995,"59,2"
16,DBO5,indic_b100,1995-2000,1995,70
17,DBO5,indic_b100,1995-2000,1995,"53,6"
19,DBO5,indic_b100,1995-2000,1995,"89,6"
24,DBO5,indic_b100,1995-2000,1995,61
31,DBO5,indic_b100,1995-2000,1995,"52,4"
32,DBO5,indic_b100,1995-2000,1995,"56,8"
33,DBO5,indic_b100,1995-2000,1995,"54,6"
40,DBO5,indic_b100,1995-2000,1995,70
46,DBO5,indic_b100,1995-2000,1995,"63,2"
47,DBO5,indic_b100,1995-2000,1995,"43,4"
48,DBO5,indic_b100,1995-2000,1995,50
64,DBO5,indic_b100,1995-2000,1995,"63,4"
65,DBO5,indic_b100,1995-2000,1995,"33,4"
79,DBO5,indic_b100,1995-2000,1995,"82,4"
81,DBO5,indic_b100,1995-2000,1995,"41,6"
82,DBO5,indic_b100,1995-2000,1995,"38,4"
bag,DBO5,indic_b100,1995-2000,1995,"54,4"
FRF_ADOU,DBO5,indic_b100,1995-2000,1995,"64,6"
FRF_CHAR,DBO5,indic_b100,1995-2000,1995,63
FRF_DORD,DBO5,indic_b100,1995-2000,1995,"65,2"
FRF_GARO,DBO5,indic_b100,1995-2000,1995,52
FRF_LITT,DBO5,indic_b100,1995-2000,1995,"72,8"
FRF_LOT,DBO5,indic_b100,1995-2000,1995,"55,2"
FRF_TARN,DBO5,indic_b100,1995-2000,1995,"42,4"
09,NH4+,indic_b100,1995-2000,1995,18
12,NH4+,indic_b100,1995-2000,1995,27
15,NH4+,indic_b100,1995-2000,1995,"46,4"
16,NH4+,indic_b100,1995-2000,1995,"14,8"
17,NH4+,indic_b100,1995-2000,1995,"17,4"
19,NH4+,indic_b100,1995-2000,1995,"11,4"
24,NH4+,indic_b100,1995-2000,1995,"9,2"
31,NH4+,indic_b100,1995-2000,1995,"19,6"
32,NH4+,indic_b100,1995-2000,1995,7
33,NH4+,indic_b100,1995-2000,1995,"11,6"
40,NH4+,indic_b100,1995-2000,1995,"39,6"
46,NH4+,indic_b100,1995-2000,1995,39
47,NH4+,indic_b100,1995-2000,1995,"18,6"
48,NH4+,indic_b100,1995-2000,1995,"19,8"
64,NH4+,indic_b100,1995-2000,1995,41
65,NH4+,indic_b100,1995-2000,1995,14
79,NH4+,indic_b100,1995-2000,1995,"54,4"
81,NH4+,indic_b100,1995-2000,1995,"27,8"
82,NH4+,indic_b100,1995-2000,1995,"26,6"
bag,NH4+,indic_b100,1995-2000,1995,"20,4"
FRF_ADOU,NH4+,indic_b100,1995-2000,1995,"37,6"
FRF_CHAR,NH4+,indic_b100,1995-2000,1995,"18,8"
FRF_DORD,NH4+,indic_b100,1995-2000,1995,12
FRF_GARO,NH4+,indic_b100,1995-2000,1995,16
FRF_LITT,NH4+,indic_b100,1995-2000,1995,"27,8"
FRF_LOT,NH4+,indic_b100,1995-2000,1995,27
FRF_TARN,NH4+,indic_b100,1995-2000,1995,"27,2"
09,NO3-,indic_b100,1995-2000,1995,"102,4"
12,NO3-,indic_b100,1995-2000,1995,"174,6"
15,NO3-,indic_b100,1995-2000,1995,138
16,NO3-,indic_b100,1995-2000,1995,"243,6"
17,NO3-,indic_b100,1995-2000,1995,"204,6"
19,NO3-,indic_b100,1995-2000,1995,"150,2"
24,NO3-,indic_b100,1995-2000,1995,"176,4"
31,NO3-,indic_b100,1995-2000,1995,"129,6"
32,NO3-,indic_b100,1995-2000,1995,"209,2"
33,NO3-,indic_b100,1995-2000,1995,"189,8"
40,NO3-,indic_b100,1995-2000,1995,"262,2"
46,NO3-,indic_b100,1995-2000,1995,"188,2"
47,NO3-,indic_b100,1995-2000,1995,177
48,NO3-,indic_b100,1995-2000,1995,"186,6"
64,NO3-,indic_b100,1995-2000,1995,"134,8"
65,NO3-,indic_b100,1995-2000,1995,"65,8"
79,NO3-,indic_b100,1995-2000,1995,"313,4"
81,NO3-,indic_b100,1995-2000,1995,"198,8"
82,NO3-,indic_b100,1995-2000,1995,"181,6"
bag,NO3-,indic_b100,1995-2000,1995,"173,8"
FRF_ADOU,NO3-,indic_b100,1995-2000,1995,"204,6"
FRF_CHAR,NO3-,indic_b100,1995-2000,1995,232
FRF_DORD,NO3-,indic_b100,1995-2000,1995,"170,2"
FRF_GARO,NO3-,indic_b100,1995-2000,1995,"131,8"
FRF_LITT,NO3-,indic_b100,1995-2000,1995,"181,2"
FRF_LOT,NO3-,indic_b100,1995-2000,1995,"173,2"
FRF_TARN,NO3-,indic_b100,1995-2000,1995,"190,8"
09,Orthophosp,indic_b100,1995-2000,1995,"130,2"
12,Orthophosp,indic_b100,1995-2000,1995,"68,4"
15,Orthophosp,indic_b100,1995-2000,1995,"38,8"
16,Orthophosp,indic_b100,1995-2000,1995,"42,6"
17,Orthophosp,indic_b100,1995-2000,1995,"40,4"
19,Orthophosp,indic_b100,1995-2000,1995,46
24,Orthophosp,indic_b100,1995-2000,1995,"41,8"
31,Orthophosp,indic_b100,1995-2000,1995,"43,2"
32,Orthophosp,indic_b100,1995-2000,1995,"73,4"
33,Orthophosp,indic_b100,1995-2000,1995,"57,6"
40,Orthophosp,indic_b100,1995-2000,1995,"112,8"
46,Orthophosp,indic_b100,1995-2000,1995,"53,4"
47,Orthophosp,indic_b100,1995-2000,1995,"60,4"
48,Orthophosp,indic_b100,1995-2000,1995,"39,6"
64,Orthophosp,indic_b100,1995-2000,1995,"88,2"
65,Orthophosp,indic_b100,1995-2000,1995,"57,4"
79,Orthophosp,indic_b100,1995-2000,1995,"79,6"
81,Orthophosp,indic_b100,1995-2000,1995,"41,4"
82,Orthophosp,indic_b100,1995-2000,1995,"53,2"
bag,Orthophosp,indic_b100,1995-2000,1995,"54,2"
FRF_ADOU,Orthophosp,indic_b100,1995-2000,1995,"99,2"
FRF_CHAR,Orthophosp,indic_b100,1995-2000,1995,"46,6"
FRF_DORD,Orthophosp,indic_b100,1995-2000,1995,"42,2"
FRF_GARO,Orthophosp,indic_b100,1995-2000,1995,"56,8"
FRF_LITT,Orthophosp,indic_b100,1995-2000,1995,"53,8"
FRF_LOT,Orthophosp,indic_b100,1995-2000,1995,"51,8"
FRF_TARN,Orthophosp,indic_b100,1995-2000,1995,43
09,DBO5,indic_b100,2000-2005,2000,"64,4"
12,DBO5,indic_b100,2000-2005,2000,"56,4"
15,DBO5,indic_b100,2000-2005,2000,"71,6"
16,DBO5,indic_b100,2000-2005,2000,"40,2"
17,DBO5,indic_b100,2000-2005,2000,60
19,DBO5,indic_b100,2000-2005,2000,"67,4"
24,DBO5,indic_b100,2000-2005,2000,"67,4"
31,DBO5,indic_b100,2000-2005,2000,42
32,DBO5,indic_b100,2000-2005,2000,54
33,DBO5,indic_b100,2000-2005,2000,81
40,DBO5,indic_b100,2000-2005,2000,"63,8"
46,DBO5,indic_b100,2000-2005,2000,"61,8"
47,DBO5,indic_b100,2000-2005,2000,"37,8"
48,DBO5,indic_b100,2000-2005,2000,"63,2"
64,DBO5,indic_b100,2000-2005,2000,"79,8"
65,DBO5,indic_b100,2000-2005,2000,"37,8"
79,DBO5,indic_b100,2000-2005,2000,"72,2"
81,DBO5,indic_b100,2000-2005,2000,"37,8"
82,DBO5,indic_b100,2000-2005,2000,"32,4"
bag,DBO5,indic_b100,2000-2005,2000,"51,4"
FRF_ADOU,DBO5,indic_b100,2000-2005,2000,"67,4"
FRF_CHAR,DBO5,indic_b100,2000-2005,2000,44
FRF_DORD,DBO5,indic_b100,2000-2005,2000,69
FRF_GARO,DBO5,indic_b100,2000-2005,2000,42
FRF_LITT,DBO5,indic_b100,2000-2005,2000,"78,8"
FRF_LOT,DBO5,indic_b100,2000-2005,2000,"65,8"
FRF_TARN,DBO5,indic_b100,2000-2005,2000,41
09,NH4+,indic_b100,2000-2005,2000,"11,8"
12,NH4+,indic_b100,2000-2005,2000,15
15,NH4+,indic_b100,2000-2005,2000,43
16,NH4+,indic_b100,2000-2005,2000,"14,6"
17,NH4+,indic_b100,2000-2005,2000,"14,2"
19,NH4+,indic_b100,2000-2005,2000,"9,8"
24,NH4+,indic_b100,2000-2005,2000,"9,4"
31,NH4+,indic_b100,2000-2005,2000,13
32,NH4+,indic_b100,2000-2005,2000,"5,2"
33,NH4+,indic_b100,2000-2005,2000,"18,6"
40,NH4+,indic_b100,2000-2005,2000,"25,6"
46,NH4+,indic_b100,2000-2005,2000,"18,4"
47,NH4+,indic_b100,2000-2005,2000,"12,8"
48,NH4+,indic_b100,2000-2005,2000,"15,4"
64,NH4+,indic_b100,2000-2005,2000,"24,4"
65,NH4+,indic_b100,2000-2005,2000,12
79,NH4+,indic_b100,2000-2005,2000,"107,2"
81,NH4+,indic_b100,2000-2005,2000,"15,4"
82,NH4+,indic_b100,2000-2005,2000,"13,2"
bag,NH4+,indic_b100,2000-2005,2000,"13,8"
FRF_ADOU,NH4+,indic_b100,2000-2005,2000,"25,4"
FRF_CHAR,NH4+,indic_b100,2000-2005,2000,"16,4"
FRF_DORD,NH4+,indic_b100,2000-2005,2000,"10,8"
FRF_GARO,NH4+,indic_b100,2000-2005,2000,"10,2"
FRF_LITT,NH4+,indic_b100,2000-2005,2000,"26,2"
FRF_LOT,NH4+,indic_b100,2000-2005,2000,"18,2"
FRF_TARN,NH4+,indic_b100,2000-2005,2000,"13,8"
09,NO3-,indic_b100,2000-2005,2000,"126,2"
12,NO3-,indic_b100,2000-2005,2000,"179,8"
15,NO3-,indic_b100,2000-2005,2000,"156,2"
16,NO3-,indic_b100,2000-2005,2000,"218,8"
17,NO3-,indic_b100,2000-2005,2000,168
19,NO3-,indic_b100,2000-2005,2000,"190,4"
24,NO3-,indic_b100,2000-2005,2000,"183,2"
31,NO3-,indic_b100,2000-2005,2000,"151,6"
32,NO3-,indic_b100,2000-2005,2000,221
33,NO3-,indic_b100,2000-2005,2000,184
40,NO3-,indic_b100,2000-2005,2000,"278,4"
46,NO3-,indic_b100,2000-2005,2000,"225,6"
47,NO3-,indic_b100,2000-2005,2000,"155,4"
48,NO3-,indic_b100,2000-2005,2000,"217,6"
64,NO3-,indic_b100,2000-2005,2000,"137,2"
65,NO3-,indic_b100,2000-2005,2000,"71,6"
79,NO3-,indic_b100,2000-2005,2000,"282,2"
81,NO3-,indic_b100,2000-2005,2000,"215,2"
82,NO3-,indic_b100,2000-2005,2000,180
bag,NO3-,indic_b100,2000-2005,2000,"178,8"
FRF_ADOU,NO3-,indic_b100,2000-2005,2000,"195,8"
FRF_CHAR,NO3-,indic_b100,2000-2005,2000,"200,2"
FRF_DORD,NO3-,indic_b100,2000-2005,2000,182
FRF_GARO,NO3-,indic_b100,2000-2005,2000,"136,4"
FRF_LITT,NO3-,indic_b100,2000-2005,2000,"158,8"
FRF_LOT,NO3-,indic_b100,2000-2005,2000,"198,8"
FRF_TARN,NO3-,indic_b100,2000-2005,2000,"200,4"
09,Orthophosp,indic_b100,2000-2005,2000,"82,8"
12,Orthophosp,indic_b100,2000-2005,2000,"57,6"
15,Orthophosp,indic_b100,2000-2005,2000,"37,2"
16,Orthophosp,indic_b100,2000-2005,2000,"40,2"
17,Orthophosp,indic_b100,2000-2005,2000,"29,8"
19,Orthophosp,indic_b100,2000-2005,2000,"43,4"
24,Orthophosp,indic_b100,2000-2005,2000,"38,2"
31,Orthophosp,indic_b100,2000-2005,2000,"33,8"
32,Orthophosp,indic_b100,2000-2005,2000,"49,6"
33,Orthophosp,indic_b100,2000-2005,2000,"52,2"
40,Orthophosp,indic_b100,2000-2005,2000,"123,4"
46,Orthophosp,indic_b100,2000-2005,2000,"44,4"
47,Orthophosp,indic_b100,2000-2005,2000,"43,6"
48,Orthophosp,indic_b100,2000-2005,2000,47
64,Orthophosp,indic_b100,2000-2005,2000,"56,4"
65,Orthophosp,indic_b100,2000-2005,2000,"40,4"
79,Orthophosp,indic_b100,2000-2005,2000,"109,6"
81,Orthophosp,indic_b100,2000-2005,2000,25
82,Orthophosp,indic_b100,2000-2005,2000,"32,8"
bag,Orthophosp,indic_b100,2000-2005,2000,43
FRF_ADOU,Orthophosp,indic_b100,2000-2005,2000,84
FRF_CHAR,Orthophosp,indic_b100,2000-2005,2000,"39,4"
FRF_DORD,Orthophosp,indic_b100,2000-2005,2000,"38,6"
FRF_GARO,Orthophosp,indic_b100,2000-2005,2000,"38,4"
FRF_LITT,Orthophosp,indic_b100,2000-2005,2000,"28,6"
FRF_LOT,Orthophosp,indic_b100,2000-2005,2000,"55,2"
FRF_TARN,Orthophosp,indic_b100,2000-2005,2000,"28,2"
09,DBO5,indic_b100,2005-2010,2005,55
12,DBO5,indic_b100,2005-2010,2005,"43,2"
15,DBO5,indic_b100,2005-2010,2005,62
16,DBO5,indic_b100,2005-2010,2005,"34,8"
17,DBO5,indic_b100,2005-2010,2005,50
19,DBO5,indic_b100,2005-2010,2005,"68,4"
24,DBO5,indic_b100,2005-2010,2005,56
31,DBO5,indic_b100,2005-2010,2005,"42,6"
32,DBO5,indic_b100,2005-2010,2005,"60,4"
33,DBO5,indic_b100,2005-2010,2005,63
40,DBO5,indic_b100,2005-2010,2005,84
46,DBO5,indic_b100,2005-2010,2005,"50,6"
47,DBO5,indic_b100,2005-2010,2005,"41,2"
48,DBO5,indic_b100,2005-2010,2005,52
64,DBO5,indic_b100,2005-2010,2005,"56,2"
65,DBO5,indic_b100,2005-2010,2005,"39,6"
79,DBO5,indic_b100,2005-2010,2005,65
81,DBO5,indic_b100,2005-2010,2005,"23,8"
82,DBO5,indic_b100,2005-2010,2005,"33,6"
bag,DBO5,indic_b100,2005-2010,2005,"46,2"
FRF_ADOU,DBO5,indic_b100,2005-2010,2005,"67,6"
FRF_CHAR,DBO5,indic_b100,2005-2010,2005,"37,2"
FRF_DORD,DBO5,indic_b100,2005-2010,2005,"62,8"
FRF_GARO,DBO5,indic_b100,2005-2010,2005,"41,2"
FRF_LITT,DBO5,indic_b100,2005-2010,2005,"67,8"
FRF_LOT,DBO5,indic_b100,2005-2010,2005,"54,6"
FRF_TARN,DBO5,indic_b100,2005-2010,2005,"30,2"
09,NH4+,indic_b100,2005-2010,2005,10
12,NH4+,indic_b100,2005-2010,2005,10
15,NH4+,indic_b100,2005-2010,2005,"28,6"
16,NH4+,indic_b100,2005-2010,2005,"9,8"
17,NH4+,indic_b100,2005-2010,2005,"9,8"
19,NH4+,indic_b100,2005-2010,2005,7
24,NH4+,indic_b100,2005-2010,2005,"6,2"
31,NH4+,indic_b100,2005-2010,2005,11
32,NH4+,indic_b100,2005-2010,2005,"3,8"
33,NH4+,indic_b100,2005-2010,2005,"12,4"
40,NH4+,indic_b100,2005-2010,2005,"28,2"
46,NH4+,indic_b100,2005-2010,2005,"16,8"
47,NH4+,indic_b100,2005-2010,2005,"9,6"
48,NH4+,indic_b100,2005-2010,2005,"8,4"
64,NH4+,indic_b100,2005-2010,2005,"14,4"
65,NH4+,indic_b100,2005-2010,2005,"7,4"
79,NH4+,indic_b100,2005-2010,2005,"31,8"
81,NH4+,indic_b100,2005-2010,2005,"7,8"
82,NH4+,indic_b100,2005-2010,2005,"9,4"
bag,NH4+,indic_b100,2005-2010,2005,10
FRF_ADOU,NH4+,indic_b100,2005-2010,2005,19
FRF_CHAR,NH4+,indic_b100,2005-2010,2005,"10,8"
FRF_DORD,NH4+,indic_b100,2005-2010,2005,"8,4"
FRF_GARO,NH4+,indic_b100,2005-2010,2005,"8,6"
FRF_LITT,NH4+,indic_b100,2005-2010,2005,"16,4"
FRF_LOT,NH4+,indic_b100,2005-2010,2005,"12,4"
FRF_TARN,NH4+,indic_b100,2005-2010,2005,"7,6"
09,NO3-,indic_b100,2005-2010,2005,"115,8"
12,NO3-,indic_b100,2005-2010,2005,"209,6"
15,NO3-,indic_b100,2005-2010,2005,156
16,NO3-,indic_b100,2005-2010,2005,229
17,NO3-,indic_b100,2005-2010,2005,"194,6"
19,NO3-,indic_b100,2005-2010,2005,"175,2"
24,NO3-,indic_b100,2005-2010,2005,"179,6"
31,NO3-,indic_b100,2005-2010,2005,144
32,NO3-,indic_b100,2005-2010,2005,"236,6"
33,NO3-,indic_b100,2005-2010,2005,174
40,NO3-,indic_b100,2005-2010,2005,"263,2"
46,NO3-,indic_b100,2005-2010,2005,"235,4"
47,NO3-,indic_b100,2005-2010,2005,"179,4"
48,NO3-,indic_b100,2005-2010,2005,"247,2"
64,NO3-,indic_b100,2005-2010,2005,"120,2"
65,NO3-,indic_b100,2005-2010,2005,"64,6"
79,NO3-,indic_b100,2005-2010,2005,372
81,NO3-,indic_b100,2005-2010,2005,"212,4"
82,NO3-,indic_b100,2005-2010,2005,"182,6"
bag,NO3-,indic_b100,2005-2010,2005,"185,8"
FRF_ADOU,NO3-,indic_b100,2005-2010,2005,188
FRF_CHAR,NO3-,indic_b100,2005-2010,2005,"218,6"
FRF_DORD,NO3-,indic_b100,2005-2010,2005,"179,8"
FRF_GARO,NO3-,indic_b100,2005-2010,2005,142
FRF_LITT,NO3-,indic_b100,2005-2010,2005,"179,6"
FRF_LOT,NO3-,indic_b100,2005-2010,2005,"221,2"
FRF_TARN,NO3-,indic_b100,2005-2010,2005,"206,4"
09,Orthophosp,indic_b100,2005-2010,2005,"56,6"
12,Orthophosp,indic_b100,2005-2010,2005,30
15,Orthophosp,indic_b100,2005-2010,2005,"24,8"
16,Orthophosp,indic_b100,2005-2010,2005,"34,6"
17,Orthophosp,indic_b100,2005-2010,2005,"30,4"
19,Orthophosp,indic_b100,2005-2010,2005,"24,6"
24,Orthophosp,indic_b100,2005-2010,2005,"40,4"
31,Orthophosp,indic_b100,2005-2010,2005,"25,6"
32,Orthophosp,indic_b100,2005-2010,2005,43
33,Orthophosp,indic_b100,2005-2010,2005,"62,4"
40,Orthophosp,indic_b100,2005-2010,2005,"100,6"
46,Orthophosp,indic_b100,2005-2010,2005,"46,8"
47,Orthophosp,indic_b100,2005-2010,2005,"38,8"
48,Orthophosp,indic_b100,2005-2010,2005,"31,4"
64,Orthophosp,indic_b100,2005-2010,2005,"46,2"
65,Orthophosp,indic_b100,2005-2010,2005,"44,2"
79,Orthophosp,indic_b100,2005-2010,2005,"50,6"
81,Orthophosp,indic_b100,2005-2010,2005,"22,2"
82,Orthophosp,indic_b100,2005-2010,2005,"19,2"
bag,Orthophosp,indic_b100,2005-2010,2005,"35,2"
FRF_ADOU,Orthophosp,indic_b100,2005-2010,2005,68
FRF_CHAR,Orthophosp,indic_b100,2005-2010,2005,"34,8"
FRF_DORD,Orthophosp,indic_b100,2005-2010,2005,"35,8"
FRF_GARO,Orthophosp,indic_b100,2005-2010,2005,"32,6"
FRF_LITT,Orthophosp,indic_b100,2005-2010,2005,"30,4"
FRF_LOT,Orthophosp,indic_b100,2005-2010,2005,"50,4"
FRF_TARN,Orthophosp,indic_b100,2005-2010,2005,"20,4"
09,DBO5,indic_b100,2010-2015,2010,"55,2"
12,DBO5,indic_b100,2010-2015,2010,38
15,DBO5,indic_b100,2010-2015,2010,"70,6"
16,DBO5,indic_b100,2010-2015,2010,"28,8"
17,DBO5,indic_b100,2010-2015,2010,"39,4"
19,DBO5,indic_b100,2010-2015,2010,"82,8"
24,DBO5,indic_b100,2010-2015,2010,"44,6"
31,DBO5,indic_b100,2010-2015,2010,41
32,DBO5,indic_b100,2010-2015,2010,51
33,DBO5,indic_b100,2010-2015,2010,51
40,DBO5,indic_b100,2010-2015,2010,95
46,DBO5,indic_b100,2010-2015,2010,"50,4"
47,DBO5,indic_b100,2010-2015,2010,40
48,DBO5,indic_b100,2010-2015,2010,"40,6"
64,DBO5,indic_b100,2010-2015,2010,45
65,DBO5,indic_b100,2010-2015,2010,"37,6"
79,DBO5,indic_b100,2010-2015,2010,"55,6"
81,DBO5,indic_b100,2010-2015,2010,16
82,DBO5,indic_b100,2010-2015,2010,"31,6"
bag,DBO5,indic_b100,2010-2015,2010,"40,6"
FRF_ADOU,DBO5,indic_b100,2010-2015,2010,"62,2"
FRF_CHAR,DBO5,indic_b100,2010-2015,2010,"30,6"
FRF_DORD,DBO5,indic_b100,2010-2015,2010,"57,2"
FRF_GARO,DBO5,indic_b100,2010-2015,2010,"39,8"
FRF_LITT,DBO5,indic_b100,2010-2015,2010,"64,4"
FRF_LOT,DBO5,indic_b100,2010-2015,2010,"41,6"
FRF_TARN,DBO5,indic_b100,2010-2015,2010,"24,8"
09,NH4+,indic_b100,2010-2015,2010,"10,2"
12,NH4+,indic_b100,2010-2015,2010,"7,4"
15,NH4+,indic_b100,2010-2015,2010,"18,2"
16,NH4+,indic_b100,2010-2015,2010,"9,6"
17,NH4+,indic_b100,2010-2015,2010,13
19,NH4+,indic_b100,2010-2015,2010,"5,6"
24,NH4+,indic_b100,2010-2015,2010,"6,6"
31,NH4+,indic_b100,2010-2015,2010,"10,6"
32,NH4+,indic_b100,2010-2015,2010,3
33,NH4+,indic_b100,2010-2015,2010,"12,4"
40,NH4+,indic_b100,2010-2015,2010,"23,6"
46,NH4+,indic_b100,2010-2015,2010,"12,6"
47,NH4+,indic_b100,2010-2015,2010,"7,4"
48,NH4+,indic_b100,2010-2015,2010,4
64,NH4+,indic_b100,2010-2015,2010,14
65,NH4+,indic_b100,2010-2015,2010,"5,6"
79,NH4+,indic_b100,2010-2015,2010,"69,2"
81,NH4+,indic_b100,2010-2015,2010,"3,4"
82,NH4+,indic_b100,2010-2015,2010,"9,2"
bag,NH4+,indic_b100,2010-2015,2010,"8,6"
FRF_ADOU,NH4+,indic_b100,2010-2015,2010,"16,8"
FRF_CHAR,NH4+,indic_b100,2010-2015,2010,"12,6"
FRF_DORD,NH4+,indic_b100,2010-2015,2010,"7,2"
FRF_GARO,NH4+,indic_b100,2010-2015,2010,"8,2"
FRF_LITT,NH4+,indic_b100,2010-2015,2010,21
FRF_LOT,NH4+,indic_b100,2010-2015,2010,"7,4"
FRF_TARN,NH4+,indic_b100,2010-2015,2010,"5,6"
09,NO3-,indic_b100,2010-2015,2010,"113,4"
12,NO3-,indic_b100,2010-2015,2010,"205,6"
15,NO3-,indic_b100,2010-2015,2010,"137,6"
16,NO3-,indic_b100,2010-2015,2010,"267,2"
17,NO3-,indic_b100,2010-2015,2010,241
19,NO3-,indic_b100,2010-2015,2010,"182,8"
24,NO3-,indic_b100,2010-2015,2010,179
31,NO3-,indic_b100,2010-2015,2010,"144,8"
32,NO3-,indic_b100,2010-2015,2010,"188,8"
33,NO3-,indic_b100,2010-2015,2010,164
40,NO3-,indic_b100,2010-2015,2010,240
46,NO3-,indic_b100,2010-2015,2010,"217,6"
47,NO3-,indic_b100,2010-2015,2010,"176,8"
48,NO3-,indic_b100,2010-2015,2010,"246,4"
64,NO3-,indic_b100,2010-2015,2010,"105,2"
65,NO3-,indic_b100,2010-2015,2010,"65,2"
79,NO3-,indic_b100,2010-2015,2010,"386,6"
81,NO3-,indic_b100,2010-2015,2010,"209,6"
82,NO3-,indic_b100,2010-2015,2010,"187,4"
bag,NO3-,indic_b100,2010-2015,2010,184
FRF_ADOU,NO3-,indic_b100,2010-2015,2010,169
FRF_CHAR,NO3-,indic_b100,2010-2015,2010,"254,4"
FRF_DORD,NO3-,indic_b100,2010-2015,2010,"178,4"
FRF_GARO,NO3-,indic_b100,2010-2015,2010,130
FRF_LITT,NO3-,indic_b100,2010-2015,2010,"202,4"
FRF_LOT,NO3-,indic_b100,2010-2015,2010,"209,2"
FRF_TARN,NO3-,indic_b100,2010-2015,2010,213
09,Orthophosp,indic_b100,2010-2015,2010,"52,4"
12,Orthophosp,indic_b100,2010-2015,2010,"23,4"
15,Orthophosp,indic_b100,2010-2015,2010,"23,2"
16,Orthophosp,indic_b100,2010-2015,2010,"33,2"
17,Orthophosp,indic_b100,2010-2015,2010,"28,8"
19,Orthophosp,indic_b100,2010-2015,2010,"19,6"
24,Orthophosp,indic_b100,2010-2015,2010,"27,4"
31,Orthophosp,indic_b100,2010-2015,2010,"18,6"
32,Orthophosp,indic_b100,2010-2015,2010,"32,6"
33,Orthophosp,indic_b100,2010-2015,2010,"34,4"
40,Orthophosp,indic_b100,2010-2015,2010,"66,6"
46,Orthophosp,indic_b100,2010-2015,2010,"44,2"
47,Orthophosp,indic_b100,2010-2015,2010,"33,8"
48,Orthophosp,indic_b100,2010-2015,2010,"29,6"
64,Orthophosp,indic_b100,2010-2015,2010,"43,6"
65,Orthophosp,indic_b100,2010-2015,2010,"31,8"
79,Orthophosp,indic_b100,2010-2015,2010,"31,4"
81,Orthophosp,indic_b100,2010-2015,2010,"16,6"
82,Orthophosp,indic_b100,2010-2015,2010,"16,2"
bag,Orthophosp,indic_b100,2010-2015,2010,27
FRF_ADOU,Orthophosp,indic_b100,2010-2015,2010,"49,8"
FRF_CHAR,Orthophosp,indic_b100,2010-2015,2010,"32,8"
FRF_DORD,Orthophosp,indic_b100,2010-2015,2010,"25,6"
FRF_GARO,Orthophosp,indic_b100,2010-2015,2010,27
FRF_LITT,Orthophosp,indic_b100,2010-2015,2010,"24,6"
FRF_LOT,Orthophosp,indic_b100,2010-2015,2010,"43,2"
FRF_TARN,Orthophosp,indic_b100,2010-2015,2010,"16,8"
09,DBO5,indic_b100,2015-2020,2015,61
12,DBO5,indic_b100,2015-2020,2015,"34,5"
15,DBO5,indic_b100,2015-2020,2015,"74,5"
16,DBO5,indic_b100,2015-2020,2015,"26,5"
17,DBO5,indic_b100,2015-2020,2015,"44,5"
19,DBO5,indic_b100,2015-2020,2015,111
24,DBO5,indic_b100,2015-2020,2015,"42,5"
31,DBO5,indic_b100,2015-2020,2015,41
32,DBO5,indic_b100,2015-2020,2015,59
33,DBO5,indic_b100,2015-2020,2015,41
40,DBO5,indic_b100,2015-2020,2015,51
46,DBO5,indic_b100,2015-2020,2015,53
47,DBO5,indic_b100,2015-2020,2015,"41,5"
48,DBO5,indic_b100,2015-2020,2015,36
64,DBO5,indic_b100,2015-2020,2015,46
65,DBO5,indic_b100,2015-2020,2015,28
79,DBO5,indic_b100,2015-2020,2015,62
81,DBO5,indic_b100,2015-2020,2015,21
82,DBO5,indic_b100,2015-2020,2015,"30,5"
bag,DBO5,indic_b100,2015-2020,2015,42
FRF_ADOU,DBO5,indic_b100,2015-2020,2015,50
FRF_CHAR,DBO5,indic_b100,2015-2020,2015,34
FRF_DORD,DBO5,indic_b100,2015-2020,2015,"55,5"
FRF_GARO,DBO5,indic_b100,2015-2020,2015,41
FRF_LITT,DBO5,indic_b100,2015-2020,2015,57
FRF_LOT,DBO5,indic_b100,2015-2020,2015,41
FRF_TARN,DBO5,indic_b100,2015-2020,2015,"27,5"
09,NH4+,indic_b100,2015-2020,2015,8
12,NH4+,indic_b100,2015-2020,2015,"9,5"
15,NH4+,indic_b100,2015-2020,2015,"19,5"
16,NH4+,indic_b100,2015-2020,2015,11
17,NH4+,indic_b100,2015-2020,2015,"13,5"
19,NH4+,indic_b100,2015-2020,2015,"8,5"
24,NH4+,indic_b100,2015-2020,2015,"7,5"
31,NH4+,indic_b100,2015-2020,2015,10
32,NH4+,indic_b100,2015-2020,2015,4
33,NH4+,indic_b100,2015-2020,2015,10
40,NH4+,indic_b100,2015-2020,2015,"22,5"
46,NH4+,indic_b100,2015-2020,2015,16
47,NH4+,indic_b100,2015-2020,2015,11
48,NH4+,indic_b100,2015-2020,2015,"6,5"
64,NH4+,indic_b100,2015-2020,2015,"13,5"
65,NH4+,indic_b100,2015-2020,2015,"4,5"
79,NH4+,indic_b100,2015-2020,2015,20
81,NH4+,indic_b100,2015-2020,2015,"3,5"
82,NH4+,indic_b100,2015-2020,2015,11
bag,NH4+,indic_b100,2015-2020,2015,"9,5"
FRF_ADOU,NH4+,indic_b100,2015-2020,2015,17
FRF_CHAR,NH4+,indic_b100,2015-2020,2015,"12,5"
FRF_DORD,NH4+,indic_b100,2015-2020,2015,9
FRF_GARO,NH4+,indic_b100,2015-2020,2015,8
FRF_LITT,NH4+,indic_b100,2015-2020,2015,"24,5"
FRF_LOT,NH4+,indic_b100,2015-2020,2015,"10,5"
FRF_TARN,NH4+,indic_b100,2015-2020,2015,5
09,NO3-,indic_b100,2015-2020,2015,106
12,NO3-,indic_b100,2015-2020,2015,185
15,NO3-,indic_b100,2015-2020,2015,"133,5"
16,NO3-,indic_b100,2015-2020,2015,231
17,NO3-,indic_b100,2015-2020,2015,197
19,NO3-,indic_b100,2015-2020,2015,193
24,NO3-,indic_b100,2015-2020,2015,181
31,NO3-,indic_b100,2015-2020,2015,"144,5"
32,NO3-,indic_b100,2015-2020,2015,"194,5"
33,NO3-,indic_b100,2015-2020,2015,160
40,NO3-,indic_b100,2015-2020,2015,219
46,NO3-,indic_b100,2015-2020,2015,"193,5"
47,NO3-,indic_b100,2015-2020,2015,157
48,NO3-,indic_b100,2015-2020,2015,"207,5"
64,NO3-,indic_b100,2015-2020,2015,"93,5"
65,NO3-,indic_b100,2015-2020,2015,"70,5"
79,NO3-,indic_b100,2015-2020,2015,336
81,NO3-,indic_b100,2015-2020,2015,197
82,NO3-,indic_b100,2015-2020,2015,"151,5"
bag,NO3-,indic_b100,2015-2020,2015,174
FRF_ADOU,NO3-,indic_b100,2015-2020,2015,"159,5"
FRF_CHAR,NO3-,indic_b100,2015-2020,2015,"225,5"
FRF_DORD,NO3-,indic_b100,2015-2020,2015,185
FRF_GARO,NO3-,indic_b100,2015-2020,2015,"122,5"
FRF_LITT,NO3-,indic_b100,2015-2020,2015,"173,5"
FRF_LOT,NO3-,indic_b100,2015-2020,2015,179
FRF_TARN,NO3-,indic_b100,2015-2020,2015,202
09,Orthophosp,indic_b100,2015-2020,2015,"43,5"
12,Orthophosp,indic_b100,2015-2020,2015,20
15,Orthophosp,indic_b100,2015-2020,2015,"22,5"
16,Orthophosp,indic_b100,2015-2020,2015,"39,5"
17,Orthophosp,indic_b100,2015-2020,2015,"29,5"
19,Orthophosp,indic_b100,2015-2020,2015,20
24,Orthophosp,indic_b100,2015-2020,2015,"32,5"
31,Orthophosp,indic_b100,2015-2020,2015,15
32,Orthophosp,indic_b100,2015-2020,2015,32
33,Orthophosp,indic_b100,2015-2020,2015,36
40,Orthophosp,indic_b100,2015-2020,2015,72
46,Orthophosp,indic_b100,2015-2020,2015,"39,5"
47,Orthophosp,indic_b100,2015-2020,2015,"26,5"
48,Orthophosp,indic_b100,2015-2020,2015,"28,5"
64,Orthophosp,indic_b100,2015-2020,2015,"35,5"
65,Orthophosp,indic_b100,2015-2020,2015,28
79,Orthophosp,indic_b100,2015-2020,2015,"37,5"
81,Orthophosp,indic_b100,2015-2020,2015,"15,5"
82,Orthophosp,indic_b100,2015-2020,2015,"14,5"
bag,Orthophosp,indic_b100,2015-2020,2015,28
FRF_ADOU,Orthophosp,indic_b100,2015-2020,2015,"50,5"
FRF_CHAR,Orthophosp,indic_b100,2015-2020,2015,37
FRF_DORD,Orthophosp,indic_b100,2015-2020,2015,"31,5"
FRF_GARO,Orthophosp,indic_b100,2015-2020,2015,23
FRF_LITT,Orthophosp,indic_b100,2015-2020,2015,26
FRF_LOT,Orthophosp,indic_b100,2015-2020,2015,"42,5"
FRF_TARN,Orthophosp,indic_b100,2015-2020,2015,15
