;geo;annee;poll_mil_dbo5;poll_mil_nh4;poll_mil_pt
1;09;1970;10,6;1,4;0,5
2;09;1971;10,5;1,4;0,5
3;09;1972;10,5;1,4;0,5
4;09;1973;10,4;1,4;0,5
5;09;1974;10,4;1,4;0,5
6;09;1975;10,4;1,4;0,5
7;09;1976;10,2;1,3;0,5
8;09;1977;10,2;1,3;0,5
9;09;1978;9,8;1,3;0,5
10;09;1979;9,8;1,3;0,5
11;09;1980;9,6;1,2;0,5
12;09;1981;9,6;1,2;0,5
13;09;1982;9,5;1,2;0,5
14;09;1983;9,5;1,2;0,5
15;09;1984;9,5;1,2;0,5
16;09;1985;9,5;1,2;0,5
17;09;1986;9,5;1,2;0,5
18;09;1987;10,3;1,2;0,5
19;09;1988;10,4;1,2;0,5
20;09;1989;10,5;1,2;0,5
21;09;1990;8,5;1,1;0,4
22;09;1991;9,8;1,1;0,5
23;09;1992;10;1,2;0,5
24;09;1993;8,3;1,1;0,4
25;09;1994;7,9;1,1;0,4
26;09;1995;7,7;1;0,4
27;09;1996;7,9;1;0,4
28;09;1997;8,4;1;0,4
29;09;1998;7;0,7;0,2
30;09;1999;5,8;0,5;0,2
31;09;2000;4,8;0,3;0,2
32;09;2001;6,5;0,5;0,3
33;09;2002;6,8;0,6;0,3
34;09;2003;6,3;0,5;0,2
35;09;2004;4,6;0,2;0,2
36;09;2005;3,9;0,3;0,2
37;09;2006;4,2;0,3;0,2
38;09;2007;3,4;0,2;0,2
39;09;2008;2,9;0,4;0,2
40;09;2009;3,6;0,6;0,2
41;09;2010;3,8;0,6;0,2
42;09;2011;3,4;0,5;0,2
43;09;2012;3;0,5;0,2
44;09;2013;2,7;0,6;0,2
45;09;2014;2,9;0,6;0,2
46;09;2015;3,1;0,6;0,1
47;09;2016;3,5;0,5;0,1
49;11;1970;0,4;0,1;0
50;11;1971;0,4;0,1;0
51;11;1972;0,3;0,1;0
52;11;1973;0,3;0,1;0
53;11;1974;0,3;0,1;0
54;11;1975;0,3;0,1;0
55;11;1976;0,3;0,1;0
56;11;1977;0,3;0,1;0
57;11;1978;0,2;0,1;0
58;11;1979;0,2;0;0
59;11;1980;0,2;0;0
60;11;1981;0,2;0;0
61;11;1982;0,2;0;0
62;11;1983;0,2;0;0
63;11;1984;0,2;0;0
64;11;1985;0,2;0;0
65;11;1986;0,2;0;0
66;11;1987;0,2;0;0
67;11;1988;0,2;0;0
68;11;1989;0,2;0;0
69;11;1990;0,2;0;0
70;11;1991;0,2;0;0
71;11;1992;0,2;0;0
72;11;1993;0,1;0;0
73;11;1994;0,1;0;0
74;11;1995;0,1;0;0
75;11;1996;0,1;0;0
76;11;1997;0,1;0;0
77;11;1998;0,1;0;0
78;11;1999;0,1;0;0
79;11;2000;0,1;0;0
80;11;2001;0,1;0;0
81;11;2002;0,1;0;0
82;11;2003;0,1;0;0
83;11;2004;0,1;0;0
84;11;2005;0,1;0;0
85;11;2006;0,1;0;0
86;11;2007;0,1;0;0
87;11;2008;0,1;0;0
88;11;2009;0,1;0;0
89;11;2010;0,1;0;0
90;11;2011;0,1;0;0
91;11;2012;0;0;0
92;11;2013;0,1;0;0
93;11;2014;0,1;0;0
94;11;2015;0,1;0;0
95;11;2016;0,1;0;0
97;12;1970;15,5;2,4;0,9
98;12;1971;15,6;2,4;0,9
99;12;1972;15,6;2,4;0,9
100;12;1973;15,6;2,4;0,9
101;12;1974;15,6;2,4;0,9
102;12;1975;15,6;2,4;0,9
103;12;1976;12;1,9;0,7
104;12;1977;12;1,9;0,7
105;12;1978;11,9;1,9;0,7
106;12;1979;11,6;1,8;0,7
107;12;1980;11,6;1,8;0,7
108;12;1981;11,6;1,8;0,7
109;12;1982;6,2;0,9;0,4
110;12;1983;6;0,8;0,4
111;12;1984;5,9;0,8;0,4
112;12;1985;5,6;0,8;0,4
113;12;1986;5,6;0,8;0,4
114;12;1987;7,2;0,8;0,3
115;12;1988;5,8;0,7;0,3
116;12;1989;4,7;0,6;0,3
117;12;1990;5;0,6;0,3
118;12;1991;3,7;0,5;0,3
119;12;1992;3,3;0,5;0,3
120;12;1993;2,4;0,4;0,3
121;12;1994;2,8;0,3;0,3
122;12;1995;2,3;0,2;0,3
123;12;1996;2,9;0,2;0,3
124;12;1997;2,4;0,2;0,3
125;12;1998;0,8;-0,1;0,1
126;12;1999;-0,1;-0,2;0,1
127;12;2000;0,2;-0,2;0,1
128;12;2001;-1,7;-0,4;0,1
129;12;2002;-1,3;-0,4;0,1
130;12;2003;0,7;0;0,1
131;12;2004;1;0;0,1
132;12;2005;1,5;0;0,2
133;12;2006;2,2;0,2;0,2
134;12;2007;1,5;0,1;0,2
135;12;2008;5,9;0,2;0,2
136;12;2009;1,5;0,2;0,2
137;12;2010;1,7;0,3;0,2
138;12;2011;1,7;0,3;0,2
139;12;2012;2;0,3;0,2
140;12;2013;2,4;0,3;0,2
141;12;2014;2,2;0,3;0,1
142;12;2015;2,4;0,3;0,2
143;12;2016;3,4;0,4;0,2
145;15;1970;6,8;1,1;0,4
146;15;1971;6,8;1,1;0,4
147;15;1972;6,5;1;0,4
148;15;1973;6,3;1;0,4
149;15;1974;6,2;1;0,4
150;15;1975;5,9;0,9;0,4
151;15;1976;5,7;0,9;0,4
152;15;1977;5,7;0,9;0,4
153;15;1978;5,4;0,9;0,4
154;15;1979;4,4;0,7;0,3
155;15;1980;4,3;0,7;0,3
156;15;1981;4,3;0,7;0,3
157;15;1982;3,9;0,6;0,3
158;15;1983;3,7;0,6;0,3
159;15;1984;3,7;0,6;0,3
160;15;1985;3,7;0,6;0,3
161;15;1986;3,6;0,6;0,3
162;15;1987;3,5;0,6;0,3
163;15;1988;3,4;0,6;0,3
164;15;1989;3,3;0,6;0,3
165;15;1990;3,3;0,6;0,3
166;15;1991;3,2;0,6;0,3
167;15;1992;3,2;0,5;0,3
168;15;1993;3,2;0,5;0,3
169;15;1994;2,1;0,4;0,2
170;15;1995;2,8;0,4;0,2
171;15;1996;2,4;0,4;0,2
172;15;1997;2,2;0,4;0,2
173;15;1998;2,1;0,4;0,2
174;15;1999;2,2;0,4;0,2
175;15;2000;2,5;0,5;0,2
176;15;2001;1,4;0,3;0,1
177;15;2002;1,5;0,3;0,1
178;15;2003;1,8;0,3;0,1
179;15;2004;1,8;0,4;0,1
180;15;2005;1,5;0,3;0,1
181;15;2006;1,6;0,3;0,1
182;15;2007;1,4;0,3;0,1
183;15;2008;2;0,4;0,1
184;15;2009;1,7;0,3;0,1
185;15;2010;1,9;0,4;0,1
186;15;2011;1,7;0,4;0,1
187;15;2012;1,5;0,3;0,1
188;15;2013;1,2;0,3;0,1
189;15;2014;1,7;0,3;0,1
190;15;2015;1,3;0,3;0,1
191;15;2016;1,5;0,3;0,1
193;16;1970;11,3;1,9;0,7
194;16;1971;11,3;1,9;0,7
195;16;1972;11,2;1,9;0,7
196;16;1973;10,7;1,8;0,7
197;16;1974;10,7;1,8;0,7
198;16;1975;10,6;1,8;0,7
199;16;1976;10,7;1,8;0,7
200;16;1977;9,8;1,6;0,6
201;16;1978;9,5;1,6;0,6
202;16;1979;9,5;1,6;0,6
203;16;1980;9,5;1,6;0,6
204;16;1981;9,4;1,6;0,6
205;16;1982;8,7;1,5;0,6
206;16;1983;8,6;1,4;0,6
207;16;1984;8,3;1,4;0,5
208;16;1985;8,3;1,4;0,5
209;16;1986;8,2;1,4;0,5
210;16;1987;7,7;1,3;0,5
211;16;1988;8;1,3;0,5
212;16;1989;8,1;1,3;0,5
213;16;1990;8,2;1,3;0,5
214;16;1991;8,1;1,4;0,5
215;16;1992;8;1,4;0,5
216;16;1993;7,6;1,3;0,4
217;16;1994;7,7;1,2;0,4
218;16;1995;7,4;1,2;0,4
219;16;1996;5,7;0,8;0,3
220;16;1997;4,1;0,5;0,2
221;16;1998;4,7;0,6;0,3
222;16;1999;3,8;0,4;0,2
223;16;2000;2,8;0,3;0,2
224;16;2001;2,9;0,3;0,2
225;16;2002;2,6;0,5;0,2
226;16;2003;3;0,5;0,2
227;16;2004;1,5;0,2;0,1
228;16;2005;1,3;0,3;0,1
229;16;2006;2;0,4;0,2
230;16;2007;2,8;0,6;0,2
231;16;2008;2,8;0,6;0,1
232;16;2009;1,7;0,3;0,1
233;16;2010;2,3;0,4;0,1
234;16;2011;2,5;0,4;0,1
235;16;2012;2,4;0,4;0,1
236;16;2013;1,5;0,3;0,1
237;16;2014;1,4;0,3;0,1
238;16;2015;1,8;0,3;0,1
239;16;2016;2,2;0,4;0,1
241;17;1970;17,4;3,2;1,2
242;17;1971;16,3;3;1,1
243;17;1972;16,3;3;1,1
244;17;1973;16,2;3;1,1
245;17;1974;15,8;2,9;1,1
246;17;1975;14,2;2,6;1
247;17;1976;9,9;1,9;0,8
248;17;1977;9,5;1,8;0,8
249;17;1978;9,5;1,8;0,8
250;17;1979;9,2;1,8;0,8
251;17;1980;9,2;1,8;0,8
252;17;1981;9,1;1,8;0,8
253;17;1982;7,8;1,5;0,7
254;17;1983;7,7;1,5;0,7
255;17;1984;7,8;1,5;0,7
256;17;1985;7,8;1,5;0,7
257;17;1986;6,4;1,2;0,6
258;17;1987;7,3;1,3;0,7
259;17;1988;7,1;1,3;0,7
260;17;1989;8,1;1,4;0,6
261;17;1990;6,8;1,3;0,6
262;17;1991;6,7;1,3;0,6
263;17;1992;5,4;1,1;0,5
264;17;1993;7,4;1,4;0,6
265;17;1994;6,2;1,3;0,6
266;17;1995;8,2;1,6;0,6
267;17;1996;8,1;1,6;0,6
268;17;1997;9,2;1,8;0,6
269;17;1998;8,6;1,7;0,6
270;17;1999;8;1,6;0,6
271;17;2000;7,7;1,5;0,5
272;17;2001;7,5;1,5;0,5
273;17;2002;7;1,4;0,5
274;17;2003;6,7;1,4;0,5
275;17;2004;6,2;1,2;0,5
276;17;2005;5,6;1,1;0,4
277;17;2006;4,5;0,9;0,4
278;17;2007;5,6;1,1;0,4
279;17;2008;4,8;1,1;0,4
280;17;2009;4,7;1,1;0,4
281;17;2010;6,2;1,3;0,4
282;17;2011;6,7;1,5;0,4
283;17;2012;6,3;1,4;0,4
284;17;2013;7,1;1,5;0,4
285;17;2014;7,1;1,5;0,4
286;17;2015;7,3;1,6;0,3
287;17;2016;7,3;1,6;0,3
289;19;1970;17,3;2,2;0,7
290;19;1971;17,4;2,2;0,7
291;19;1972;17,4;2,2;0,7
292;19;1973;17,4;2,2;0,7
293;19;1974;17,2;2,2;0,7
294;19;1975;15;1,7;0,6
295;19;1976;14,9;1,7;0,6
296;19;1977;14,8;1,7;0,6
297;19;1978;14,7;1,7;0,6
298;19;1979;14,6;1,7;0,6
299;19;1980;13,3;1,5;0,5
300;19;1981;13,3;1,5;0,5
301;19;1982;13,3;1,5;0,5
302;19;1983;13,2;1,5;0,5
303;19;1984;13,2;1,5;0,5
304;19;1985;13,1;1,5;0,5
305;19;1986;13,1;1,5;0,5
306;19;1987;11,8;1,4;0,5
307;19;1988;11,1;1,4;0,5
308;19;1989;11,6;1,3;0,5
309;19;1990;11,8;1,3;0,5
310;19;1991;13,8;1,4;0,5
311;19;1992;13,4;1,3;0,4
312;19;1993;12,1;1,3;0,4
313;19;1994;11,3;1,1;0,4
314;19;1995;9,9;1,1;0,3
315;19;1996;8,8;0,9;0,3
316;19;1997;9;1;0,4
317;19;1998;8,8;0,9;0,4
318;19;1999;9,2;1;0,3
319;19;2000;7,6;0,8;0,4
320;19;2001;9,7;1,1;0,4
321;19;2002;9,4;1,1;0,3
322;19;2003;9,6;1,1;0,3
323;19;2004;9,9;1;0,3
324;19;2005;10,5;1;0,3
325;19;2006;10,3;1;0,3
326;19;2007;8,6;0,8;0,2
327;19;2008;9,4;0,8;0,2
328;19;2009;6,1;0,6;0,2
329;19;2010;5,8;0,6;0,1
330;19;2011;6,6;0,7;0,1
331;19;2012;5,3;0,6;0,1
332;19;2013;3,2;0,4;0,1
333;19;2014;4,8;0,7;0,1
334;19;2015;5,5;0,8;0,1
335;19;2016;5;0,5;0,1
337;23;1970;0,1;0;0
338;23;1971;0,1;0;0
339;23;1972;0,1;0;0
340;23;1973;0,1;0;0
341;23;1974;0;0;0
342;23;1975;0;0;0
343;23;1976;0;0;0
344;23;1977;0;0;0
345;23;1978;0;0;0
346;23;1979;0;0;0
347;23;1980;0;0;0
348;23;1981;0;0;0
349;23;1982;0;0;0
350;23;1983;0;0;0
351;23;1984;0;0;0
352;23;1985;0;0;0
353;23;1986;0;0;0
354;23;1987;0;0;0
355;23;1988;0;0;0
356;23;1989;0;0;0
357;23;1990;0;0;0
358;23;1991;0;0;0
359;23;1992;0;0;0
360;23;1993;0;0;0
361;23;1994;0;0;0
362;23;1995;0;0;0
363;23;1996;0;0;0
364;23;1997;0;0;0
365;23;1998;0;0;0
366;23;1999;0;0;0
367;23;2000;0;0;0
368;23;2001;0;0;0
369;23;2002;0;0;0
370;23;2003;0;0;0
371;23;2004;0;0;0
372;23;2005;0;0;0
373;23;2006;0;0;0
374;23;2007;0;0;0
375;23;2008;0;0;0
376;23;2009;0;0;0
377;23;2010;0;0;0
378;23;2011;0;0;0
379;23;2012;0;0;0
380;23;2013;0;0;0
381;23;2014;0;0;0
382;23;2015;0;0;0
383;23;2016;0;0;0
385;24;1970;12,4;2;0,7
386;24;1971;12,3;2;0,7
387;24;1972;12,3;2;0,7
388;24;1973;12,3;2;0,7
389;24;1974;12,3;2;0,7
390;24;1975;11,4;1,9;0,7
391;24;1976;11,3;1,8;0,7
392;24;1977;11;1,8;0,7
393;24;1978;10,6;1,7;0,7
394;24;1979;10,3;1,7;0,7
395;24;1980;10,2;1,7;0,7
396;24;1981;10,2;1,7;0,7
397;24;1982;9,8;1,6;0,7
398;24;1983;9,4;1,6;0,6
399;24;1984;9,4;1,6;0,6
400;24;1985;9,4;1,6;0,6
401;24;1986;9,4;1,6;0,6
402;24;1987;9,4;1,7;0,6
403;24;1988;9,3;1,7;0,6
404;24;1989;8,8;1,6;0,6
405;24;1990;9;1,5;0,6
406;24;1991;9,1;1,5;0,6
407;24;1992;8,4;1,4;0,5
408;24;1993;4,9;0,9;0,4
409;24;1994;5,1;0,9;0,4
410;24;1995;4,5;0,9;0,4
411;24;1996;3,9;0,7;0,3
412;24;1997;5,9;1;0,3
413;24;1998;5,9;1;0,3
414;24;1999;6,1;1;0,3
415;24;2000;4,9;0,8;0,3
416;24;2001;5,1;0,9;0,3
417;24;2002;3,7;0,7;0,3
418;24;2003;2,9;0,6;0,2
419;24;2004;2,5;0,5;0,2
420;24;2005;2,9;0,6;0,2
421;24;2006;1,6;0,4;0,2
422;24;2007;2;0,4;0,2
423;24;2008;2,9;0,5;0,2
424;24;2009;2,9;0,6;0,2
425;24;2010;3,3;0,7;0,2
426;24;2011;3,7;0,7;0,2
427;24;2012;3,3;0,6;0,2
428;24;2013;3,1;0,6;0,2
429;24;2014;3,2;0,6;0,2
430;24;2015;3;0,4;0,1
431;24;2016;3,4;0,4;0,2
433;30;1970;0;0;0
434;30;1971;0;0;0
435;30;1972;0;0;0
436;30;1973;0;0;0
437;30;1974;0;0;0
438;30;1975;0;0;0
439;30;1976;0;0;0
440;30;1977;0;0;0
441;30;1978;0;0;0
442;30;1979;0;0;0
443;30;1980;0;0;0
444;30;1981;0;0;0
445;30;1982;0;0;0
446;30;1983;0;0;0
447;30;1984;0;0;0
448;30;1985;0;0;0
449;30;1986;0;0;0
450;30;1987;0;0;0
451;30;1988;0;0;0
452;30;1989;0;0;0
453;30;1990;0;0;0
454;30;1991;0;0;0
455;30;1992;0;0;0
456;30;1993;0;0;0
457;30;1994;0;0;0
458;30;1995;0;0;0
459;30;1996;0;0;0
460;30;1997;0;0;0
461;30;1998;0;0;0
462;30;1999;0;0;0
463;30;2000;0;0;0
464;30;2001;0;0;0
465;30;2002;0;0;0
466;30;2003;0;0;0
467;30;2004;0;0;0
468;30;2005;0;0;0
469;30;2006;0;0;0
470;30;2007;0;0;0
471;30;2008;0;0;0
472;30;2009;0;0;0
473;30;2010;0;0;0
474;30;2011;0;0;0
475;30;2012;0;0;0
476;30;2013;0;0;0
477;30;2014;0;0;0
478;30;2015;0;0;0
479;30;2016;0;0;0
481;31;1970;39,3;6,1;3,1
482;31;1971;38,7;6;3,1
483;31;1972;38,4;6;3,1
484;31;1973;38,7;6;3,1
485;31;1974;39,3;6,1;3,2
486;31;1975;39,2;6,2;3,2
487;31;1976;38,7;6,1;3,2
488;31;1977;38,6;6,1;3,2
489;31;1978;38,7;6,1;3,2
490;31;1979;38,9;6,2;3,2
491;31;1980;38,6;6,1;3,2
492;31;1981;38,8;6,2;3,2
493;31;1982;38,9;6,2;3,2
494;31;1983;39,1;6,3;3,3
495;31;1984;39,6;6,4;3,3
496;31;1985;38,9;6,3;3,3
497;31;1986;39,3;6,4;3,3
498;31;1987;40,2;6,5;3,6
499;31;1988;40,9;6,6;3,4
500;31;1989;28,2;5;3,3
501;31;1990;28,2;5,1;3,5
502;31;1991;29,3;5,2;3,2
503;31;1992;28,8;5,4;3,2
504;31;1993;27,7;5,2;3,3
505;31;1994;27,4;5,3;3,3
506;31;1995;24,3;4,8;2,3
507;31;1996;26,6;5;2,2
508;31;1997;27,1;5;2,1
509;31;1998;27,5;5,1;2,1
510;31;1999;27,3;5,1;2,1
511;31;2000;22,4;4,3;1,9
512;31;2001;25,6;4,6;1,9
513;31;2002;27,8;4,9;1,9
514;31;2003;26,6;4,9;1,8
515;31;2004;25,8;4,9;1,8
516;31;2005;26,2;5;1,8
517;31;2006;28,3;5,3;1,8
518;31;2007;29,1;5,5;1,8
519;31;2008;23,6;4,9;1,5
520;31;2009;24,7;5,2;1,5
521;31;2010;23,7;5,1;1,4
522;31;2011;25,5;5,3;1,4
523;31;2012;19,9;4,5;1,3
524;31;2013;18,7;4,3;1,2
525;31;2014;18,3;4,2;1,2
526;31;2015;20,6;4,5;1,2
527;31;2016;21,4;4,5;1,4
529;32;1970;6,8;1,2;0,4
530;32;1971;6,8;1,2;0,4
531;32;1972;6,8;1,2;0,4
532;32;1973;6,8;1,2;0,4
533;32;1974;6,4;1,1;0,4
534;32;1975;6,4;1,1;0,4
535;32;1976;6,2;1,1;0,4
536;32;1977;6,2;1,1;0,4
537;32;1978;6,2;1,1;0,4
538;32;1979;5,4;0,9;0,3
539;32;1980;4,7;0,8;0,3
540;32;1981;4,6;0,8;0,3
541;32;1982;4,5;0,8;0,3
542;32;1983;4,4;0,8;0,3
543;32;1984;4,3;0,8;0,3
544;32;1985;4,3;0,8;0,3
545;32;1986;4,2;0,7;0,3
546;32;1987;3,9;0,7;0,3
547;32;1988;3,9;0,7;0,3
548;32;1989;3,8;0,7;0,3
549;32;1990;4;0,7;0,3
550;32;1991;4,1;0,7;0,3
551;32;1992;3,8;0,7;0,3
552;32;1993;3,8;0,7;0,2
553;32;1994;3,6;0,6;0,2
554;32;1995;3,4;0,6;0,2
555;32;1996;3,1;0,6;0,2
556;32;1997;2,7;0,5;0,2
557;32;1998;2,1;0,4;0,2
558;32;1999;2,6;0,5;0,2
559;32;2000;2,6;0,5;0,2
560;32;2001;2,3;0,3;0,1
561;32;2002;2,2;0,3;0,1
562;32;2003;2,2;0,3;0,1
563;32;2004;2,5;0,3;0,1
564;32;2005;2,7;0,4;0,1
565;32;2006;2,3;0,3;0,1
566;32;2007;2,7;0,4;0,1
567;32;2008;3,3;0,4;0,1
568;32;2009;2,7;0,4;0,1
569;32;2010;2,7;0,4;0,1
570;32;2011;2,7;0,4;0,1
571;32;2012;2,5;0,4;0,1
572;32;2013;2,3;0,3;0,1
573;32;2014;2;0,3;0,1
574;32;2015;2,7;0,4;0,1
575;32;2016;2,7;0,4;0,1
577;33;1970;62,5;10,4;3,8
578;33;1971;62,3;10,4;3,8
579;33;1972;62,5;10,4;3,8
580;33;1973;59,9;9,9;3,7
581;33;1974;48,6;8,3;3,4
582;33;1975;47,7;8,1;3,4
583;33;1976;46,9;8;3,4
584;33;1977;44,4;7,8;3,2
585;33;1978;44,3;7,8;3,3
586;33;1979;42,9;7,7;3,2
587;33;1980;42;7,6;3,2
588;33;1981;40,2;7,4;3,1
589;33;1982;39,8;7,4;3,1
590;33;1983;39,6;7,4;3,1
591;33;1984;39,7;7,4;3,1
592;33;1985;40;7,5;3,1
593;33;1986;40,5;7,6;3,1
594;33;1987;40,5;7,8;3,5
595;33;1988;41,2;7,8;3,1
596;33;1989;41,6;7,9;3,1
597;33;1990;42,2;7,9;3,1
598;33;1991;43,7;8;3,1
599;33;1992;43,4;8,1;3
600;33;1993;42,1;8;2,9
601;33;1994;40,6;7,9;2,8
602;33;1995;40,8;7,9;2,7
603;33;1996;40,6;7,8;2,6
604;33;1997;38,2;7,5;2,5
605;33;1998;39,3;7,6;2,6
606;33;1999;37,3;7,5;2,4
607;33;2000;38,6;7,7;2,4
608;33;2001;38,1;7,6;2,3
609;33;2002;35,1;7,4;2,2
610;33;2003;32,5;7;2,2
611;33;2004;31,2;6,8;2,1
612;33;2005;28,7;6,7;2,1
613;33;2006;28,5;6,6;2
614;33;2007;25;5,7;2,1
615;33;2008;24,7;5,5;2
616;33;2009;22,4;5,5;1,9
617;33;2010;21,9;5,5;1,8
618;33;2011;24,7;6;1,8
619;33;2012;23,8;5,9;1,8
620;33;2013;24,3;5,9;1,7
621;33;2014;22,8;5,7;1,6
622;33;2015;23,6;5,8;1,6
623;33;2016;24,6;6;1,6
625;34;1970;0,2;0;0
626;34;1971;0,2;0;0
627;34;1972;0,2;0;0
628;34;1973;0,2;0;0
629;34;1974;0,2;0;0
630;34;1975;0,1;0;0
631;34;1976;0,1;0;0
632;34;1977;0,1;0;0
633;34;1978;0,1;0;0
634;34;1979;0,1;0;0
635;34;1980;0,1;0;0
636;34;1981;0,1;0;0
637;34;1982;0,1;0;0
638;34;1983;0,1;0;0
639;34;1984;0,1;0;0
640;34;1985;0,1;0;0
641;34;1986;0,1;0;0
642;34;1987;0,1;0;0
643;34;1988;0,1;0;0
644;34;1989;0,1;0;0
645;34;1990;0,1;0;0
646;34;1991;0,1;0;0
647;34;1992;0,1;0;0
648;34;1993;0,1;0;0
649;34;1994;0,1;0;0
650;34;1995;0,1;0;0
651;34;1996;0,1;0;0
652;34;1997;0,1;0;0
653;34;1998;0,1;0;0
654;34;1999;0,1;0;0
655;34;2000;0,1;0;0
656;34;2001;0,1;0;0
657;34;2002;0,1;0;0
658;34;2003;0,1;0;0
659;34;2004;0,1;0;0
660;34;2005;0,1;0;0
661;34;2006;0,1;0;0
662;34;2007;0,1;0;0
663;34;2008;0,1;0;0
664;34;2009;0;0;0
665;34;2010;0,1;0;0
666;34;2011;0,1;0;0
667;34;2012;0,1;0;0
668;34;2013;0,1;0;0
669;34;2014;0,1;0;0
670;34;2015;0,1;0;0
671;34;2016;0,1;0;0
673;40;1970;23;3,1;1
674;40;1971;22,5;3;1
675;40;1972;22,5;3;1
676;40;1973;21,9;2,9;1
677;40;1974;21,6;2,9;1
678;40;1975;19,9;2,6;1
679;40;1976;19,6;2,6;1
680;40;1977;18,9;2,5;1
681;40;1978;18,4;2,4;0,9
682;40;1979;18,1;2,4;0,9
683;40;1980;18;2,3;0,9
684;40;1981;18;2,4;0,9
685;40;1982;18;2,4;0,9
686;40;1983;18;2,4;1
687;40;1984;18;2,4;1
688;40;1985;17,9;2,4;1
689;40;1986;17,7;2,3;1
690;40;1987;19,5;2,3;1
691;40;1988;16,6;2,3;0,9
692;40;1989;17,1;2,4;0,9
693;40;1990;17,7;2,4;0,9
694;40;1991;18,3;2,4;0,9
695;40;1992;19,1;2,4;0,9
696;40;1993;17,8;2,4;0,9
697;40;1994;16,8;2,3;0,8
698;40;1995;17;2,4;0,8
699;40;1996;16,8;2,3;0,8
700;40;1997;12,7;2;0,8
701;40;1998;9,6;1,9;0,7
702;40;1999;9,2;1,9;0,8
703;40;2000;8,5;1,8;0,7
704;40;2001;8;1,7;0,7
705;40;2002;7,4;1,6;0,6
706;40;2003;7,7;1,7;0,7
707;40;2004;5,5;1,3;0,6
708;40;2005;6,9;1,5;0,6
709;40;2006;6,1;1,4;0,6
710;40;2007;5,7;1,2;0,5
711;40;2008;8,6;1,6;0,5
712;40;2009;7,5;1,7;0,5
713;40;2010;8;1,9;0,5
714;40;2011;8,9;2,1;0,5
715;40;2012;8,3;2;0,5
716;40;2013;7,5;1,8;0,5
717;40;2014;6,2;1,7;0,4
718;40;2015;8;2;0,4
719;40;2016;8,1;2;0,4
721;46;1970;6,2;1;0,8
722;46;1971;5,9;1;0,8
723;46;1972;5,8;1;0,7
724;46;1973;5,7;1;0,7
725;46;1974;5,7;1;0,8
726;46;1975;5,5;0,9;0,7
727;46;1976;5,4;0,9;0,7
728;46;1977;5,3;0,9;0,7
729;46;1978;5,2;0,9;0,7
730;46;1979;5,1;0,9;0,7
731;46;1980;5,1;0,9;0,7
732;46;1981;5,1;0,9;0,7
733;46;1982;5,1;0,9;0,7
734;46;1983;5,1;0,9;0,7
735;46;1984;5,1;0,9;0,7
736;46;1985;5,1;0,9;0,7
737;46;1986;4,9;0,8;0,7
738;46;1987;5,1;0,9;0,4
739;46;1988;4,5;0,8;0,5
740;46;1989;4,5;0,8;0,8
741;46;1990;4,7;0,8;1,9
742;46;1991;4,7;0,8;0,7
743;46;1992;4,8;0,8;0,6
744;46;1993;4,5;0,8;0,4
745;46;1994;4,2;0,8;0,3
746;46;1995;4,1;0,7;0,3
747;46;1996;4;0,7;0,4
748;46;1997;4,5;0,7;0,3
749;46;1998;4,3;0,7;0,4
750;46;1999;4,1;0,7;0,4
751;46;2000;4,2;0,7;0,3
752;46;2001;3,5;0,5;0,4
753;46;2002;3,5;0,6;0,5
754;46;2003;4;0,6;0,3
755;46;2004;3,6;0,6;0,2
756;46;2005;3,8;0,6;0,3
757;46;2006;3,2;0,5;0,4
758;46;2007;2,7;0,4;0,3
759;46;2008;2,9;0,5;0,2
760;46;2009;3,3;0,6;0,2
761;46;2010;2,8;0,5;0,2
762;46;2011;2,1;0,4;0,2
763;46;2012;2;0,4;0,1
764;46;2013;2,2;0,4;0,1
765;46;2014;2,2;0,4;0,1
766;46;2015;2,4;0,4;0,1
767;46;2016;2,4;0,5;0,2
769;47;1970;13;2;1
770;47;1971;13;2;1
771;47;1972;13;2;1
772;47;1973;12,8;2;1
773;47;1974;12,4;1,9;1
774;47;1975;12,4;1,9;1
775;47;1976;12,4;1,9;1
776;47;1977;12;1,9;1
777;47;1978;9,7;1,4;0,8
778;47;1979;9,7;1,4;0,8
779;47;1980;9,5;1,4;0,8
780;47;1981;9,5;1,4;0,8
781;47;1982;9,2;1,3;0,8
782;47;1983;7,9;1,2;0,8
783;47;1984;8;1,2;0,8
784;47;1985;6,9;0,9;0,8
785;47;1986;6,9;0,9;0,8
786;47;1987;6,7;0,9;0,9
787;47;1988;4,3;0,4;0,8
788;47;1989;4,3;0,4;0,8
789;47;1990;4;0,4;0,5
790;47;1991;3,8;0,4;0,7
791;47;1992;3,8;0,3;0,5
792;47;1993;5,3;0,7;0,6
793;47;1994;3,8;0,4;0,5
794;47;1995;4,3;0,4;0,6
795;47;1996;5,3;0,6;0,7
796;47;1997;3,4;0,2;0,2
797;47;1998;3,8;0,3;0,2
798;47;1999;5,4;0,6;0,3
799;47;2000;4,1;0,4;0,3
800;47;2001;5,1;0,6;0,3
801;47;2002;6,4;0,5;0,3
802;47;2003;6,7;0,6;0,3
803;47;2004;6,7;0,5;0,2
804;47;2005;5,4;0,5;0,3
805;47;2006;4,8;0,5;0,3
806;47;2007;5,2;0,6;0,3
807;47;2008;4,4;0,4;0,2
808;47;2009;4,6;0,4;0,3
809;47;2010;5,9;0,5;0,2
810;47;2011;5;0,4;0,2
811;47;2012;3,6;0,3;0,2
812;47;2013;2,5;0,2;0,2
813;47;2014;2,3;0,1;0,1
814;47;2015;2,5;0,1;0,1
815;47;2016;2,7;0,1;0,2
817;48;1970;4,1;0,6;0,3
818;48;1971;4,1;0,6;0,3
819;48;1972;4;0,6;0,3
820;48;1973;3,7;0,5;0,3
821;48;1974;3,4;0,5;0,3
822;48;1975;3;0,4;0,2
823;48;1976;2,9;0,4;0,2
824;48;1977;2,8;0,4;0,2
825;48;1978;2,8;0,4;0,2
826;48;1979;2,8;0,4;0,2
827;48;1980;2,6;0,4;0,2
828;48;1981;2,5;0,4;0,2
829;48;1982;2,5;0,4;0,2
830;48;1983;2,5;0,4;0,2
831;48;1984;2,5;0,4;0,2
832;48;1985;2,5;0,4;0,2
833;48;1986;2,4;0,3;0,2
834;48;1987;2,3;0,4;0,2
835;48;1988;2,4;0,3;0,2
836;48;1989;2,1;0,3;0,2
837;48;1990;2,1;0,3;0,2
838;48;1991;2,5;0,3;0,3
839;48;1992;2,3;0,3;0,3
840;48;1993;2,2;0,3;0,1
841;48;1994;2;0,3;0,1
842;48;1995;1,6;0,2;0,1
843;48;1996;2;0,2;0,1
844;48;1997;1,6;0,2;0,1
845;48;1998;2;0,2;0,1
846;48;1999;1,8;0,2;0,1
847;48;2000;2;0,2;0,1
848;48;2001;2,1;0,2;0,1
849;48;2002;1,8;0,2;0,1
850;48;2003;1,4;0,1;0,1
851;48;2004;1,5;0,1;0,1
852;48;2005;1,6;0,1;0,1
853;48;2006;2,4;0,2;0,1
854;48;2007;2;0,1;0,1
855;48;2008;1,1;0;0,1
856;48;2009;1,2;0,1;0,1
857;48;2010;-0,2;0;0
858;48;2011;-0,1;0;0,1
859;48;2012;-0,1;0;0
860;48;2013;0;0;0
861;48;2014;0,1;0;0
862;48;2015;-0,1;0;0
863;48;2016;-0,1;0;0
865;63;1970;0,9;0,2;0,1
866;63;1971;0,9;0,2;0,1
867;63;1972;0,9;0,2;0,1
868;63;1973;0,9;0,2;0,1
869;63;1974;0,9;0,2;0,1
870;63;1975;0,8;0,2;0,1
871;63;1976;0,8;0,2;0,1
872;63;1977;0,8;0,2;0,1
873;63;1978;0,8;0,2;0,1
874;63;1979;0,8;0,2;0,1
875;63;1980;0,8;0,2;0,1
876;63;1981;0,8;0,2;0,1
877;63;1982;0,8;0,2;0,1
878;63;1983;0,8;0,2;0,1
879;63;1984;0,8;0,1;0,1
880;63;1985;0,8;0,1;0,1
881;63;1986;0,7;0,1;0,1
882;63;1987;0,7;0,1;0
883;63;1988;0,7;0,1;0
884;63;1989;0,6;0,1;0
885;63;1990;0,6;0,1;0
886;63;1991;0,6;0,1;0
887;63;1992;0,6;0,1;0
888;63;1993;0,6;0,1;0
889;63;1994;0,6;0,1;0
890;63;1995;0,5;0,1;0
891;63;1996;0,5;0,1;0
892;63;1997;0,5;0,1;0
893;63;1998;0,5;0,1;0
894;63;1999;0,5;0,1;0
895;63;2000;0,5;0,1;0
896;63;2001;0,4;0,1;0
897;63;2002;0,4;0,1;0
898;63;2003;0,4;0,1;0
899;63;2004;0,4;0,1;0
900;63;2005;0,4;0,1;0
901;63;2006;-0,3;0;0
902;63;2007;-0,3;0;0
903;63;2008;0,2;0,1;0
904;63;2009;0,2;0,1;0
905;63;2010;0,2;0,1;0
906;63;2011;0,1;0;0
907;63;2012;0,1;0;0
908;63;2013;0,1;0;0
909;63;2014;0;0;0
910;63;2015;0,1;0;0
911;63;2016;0,2;0,1;0
913;64;1970;33,7;5,5;1,9
914;64;1971;33,9;5,5;1,9
915;64;1972;34;5,5;1,9
916;64;1973;34,1;5,6;2
917;64;1974;34,3;5,6;2
918;64;1975;34,1;5,6;2
919;64;1976;33,8;5,5;2
920;64;1977;33,4;5,4;2
921;64;1978;33,3;5,4;2
922;64;1979;33,4;5,5;2
923;64;1980;33,5;5,5;2
924;64;1981;32,9;5,4;1,9
925;64;1982;25,5;4,2;1,8
926;64;1983;25,4;4,2;1,8
927;64;1984;24,8;4,1;1,8
928;64;1985;24,9;4,2;1,8
929;64;1986;25;4,2;1,8
930;64;1987;24;4,2;1,7
931;64;1988;23,6;4,2;1,7
932;64;1989;23,5;4,1;1,6
933;64;1990;24,3;4,1;1,6
934;64;1991;23;3,9;1,6
935;64;1992;23,4;4;1,6
936;64;1993;22,8;3,8;1,5
937;64;1994;22,5;3,8;1,5
938;64;1995;20,4;3,6;1,4
939;64;1996;21,1;3,6;1,4
940;64;1997;20,3;3,6;1,4
941;64;1998;21,6;3,7;1,4
942;64;1999;20,4;3,5;1,4
943;64;2000;20,4;3,5;1,3
944;64;2001;20;3,4;1,3
945;64;2002;16,3;3;1,1
946;64;2003;16,2;3;1,1
947;64;2004;15,2;3;1,1
948;64;2005;16,1;3,1;1,1
949;64;2006;15;3;1,1
950;64;2007;15,6;3;1
951;64;2008;15,7;3;1
952;64;2009;14,1;2,9;0,9
953;64;2010;13,9;2,8;0,9
954;64;2011;13,9;2,7;0,9
955;64;2012;13,3;2,7;0,8
956;64;2013;12,1;2,5;0,7
957;64;2014;11,7;2,4;0,7
958;64;2015;12;2,5;0,7
959;64;2016;11,6;2,4;0,6
961;65;1970;13,7;2,5;0,9
962;65;1971;13,7;2,5;0,9
963;65;1972;13,7;2,5;0,9
964;65;1973;12,4;2,3;0,8
965;65;1974;12,3;2,3;0,8
966;65;1975;12,2;2,2;0,8
967;65;1976;10,6;1,9;0,7
968;65;1977;8,7;1,6;0,7
969;65;1978;8,6;1,6;0,7
970;65;1979;8,3;1,6;0,7
971;65;1980;8,2;1,6;0,7
972;65;1981;8,1;1,6;0,6
973;65;1982;8;1,6;0,6
974;65;1983;7,9;1,5;0,6
975;65;1984;7,7;1,5;0,6
976;65;1985;7,6;1,5;0,6
977;65;1986;7,6;1,5;0,6
978;65;1987;7,8;1,5;0,6
979;65;1988;5,7;1,2;0,5
980;65;1989;5,4;1,2;0,6
981;65;1990;5,1;1,2;0,4
982;65;1991;5,1;1,1;0,4
983;65;1992;4,9;1,1;0,4
984;65;1993;4,3;1;0,4
985;65;1994;6,1;1,3;0,4
986;65;1995;5,5;1,2;0,4
987;65;1996;6;1,3;0,5
988;65;1997;6;1,2;0,4
989;65;1998;4,1;0,9;0,3
990;65;1999;5,9;1,2;0,4
991;65;2000;5,1;1,1;0,3
992;65;2001;4,9;1,1;0,3
993;65;2002;4,2;0,9;0,3
994;65;2003;5,7;1,2;0,3
995;65;2004;4,7;1;0,3
996;65;2005;5,7;1,2;0,3
997;65;2006;5,2;1,2;0,3
998;65;2007;6;1,3;0,3
999;65;2008;5,4;1,1;0,2
1000;65;2009;4,7;1;0,2
1001;65;2010;4,4;1;0,2
1002;65;2011;5,3;1,1;0,2
1003;65;2012;4,1;0,9;0,2
1004;65;2013;3,5;0,8;0,2
1005;65;2014;3,9;0,8;0,2
1006;65;2015;3,9;0,8;0,1
1007;65;2016;3,8;0,8;0,1
1009;79;1970;0,8;0,1;0,1
1010;79;1971;0,8;0,1;0,1
1011;79;1972;0,8;0,1;0,1
1012;79;1973;0,8;0,1;0,1
1013;79;1974;0,8;0,1;0,1
1014;79;1975;0,8;0,1;0
1015;79;1976;0,8;0,1;0
1016;79;1977;0,7;0,1;0
1017;79;1978;0,7;0,1;0
1018;79;1979;0,7;0,1;0
1019;79;1980;0,7;0,1;0
1020;79;1981;0,7;0,1;0
1021;79;1982;0,7;0,1;0
1022;79;1983;0,7;0,1;0
1023;79;1984;0,7;0,1;0
1024;79;1985;0,7;0,1;0
1025;79;1986;0,6;0,1;0
1026;79;1987;0,6;0,1;0
1027;79;1988;0,6;0,1;0
1028;79;1989;0,6;0,1;0
1029;79;1990;0,6;0,1;0
1030;79;1991;0,6;0,1;0
1031;79;1992;0,6;0,1;0
1032;79;1993;0,6;0,1;0
1033;79;1994;0,4;0,1;0
1034;79;1995;0,4;0,1;0
1035;79;1996;0,3;0,1;0
1036;79;1997;0,3;0;0
1037;79;1998;0,3;0,1;0
1038;79;1999;0,3;0;0
1039;79;2000;0,3;0;0
1040;79;2001;0,2;0;0
1041;79;2002;0,2;0;0
1042;79;2003;0,2;0;0
1043;79;2004;0,3;0;0
1044;79;2005;0,3;0;0
1045;79;2006;0,2;0;0
1046;79;2007;0,3;0;0
1047;79;2008;0,1;0;0
1048;79;2009;0,1;0;0
1049;79;2010;0,1;0;0
1050;79;2011;0,1;0;0
1051;79;2012;0;0;0
1052;79;2013;0,2;0;0
1053;79;2014;0,1;0;0
1054;79;2015;0,2;0;0
1055;79;2016;0,1;0;0
1057;81;1970;20,5;3,3;1
1058;81;1971;20,6;3,4;1
1059;81;1972;20,6;3,4;1
1060;81;1973;20,7;3,4;1
1061;81;1974;20,6;3,4;1
1062;81;1975;20,7;3,4;1
1063;81;1976;20,6;3,4;1
1064;81;1977;20,5;3,4;1
1065;81;1978;20,5;3,4;1
1066;81;1979;18,4;3,1;1
1067;81;1980;18,4;3;1
1068;81;1981;18,4;3;1
1069;81;1982;18,3;3;1
1070;81;1983;18,3;3;1
1071;81;1984;18,3;3;1
1072;81;1985;18,3;3;1
1073;81;1986;18,2;3;1
1074;81;1987;18,7;2,9;1
1075;81;1988;17,9;2,8;0,9
1076;81;1989;20,5;3,2;0,9
1077;81;1990;20,6;3,2;0,9
1078;81;1991;8,3;1,2;0,3
1079;81;1992;6,9;1,1;0,3
1080;81;1993;3,7;0,8;0,2
1081;81;1994;6,2;0,5;0,3
1082;81;1995;5,7;0,6;0,4
1083;81;1996;7,7;1;0,5
1084;81;1997;8,7;1,2;0,5
1085;81;1998;6,5;1,3;0,5
1086;81;1999;3,8;1,2;0,4
1087;81;2000;3,8;0,9;0,3
1088;81;2001;5,4;1,4;0,4
1089;81;2002;5,3;1,6;0,4
1090;81;2003;6,2;1,8;0,4
1091;81;2004;7,2;2;0,5
1092;81;2005;8;2;0,5
1093;81;2006;7,5;1,6;0,5
1094;81;2007;7,6;1,5;0,4
1095;81;2008;8,1;1,4;0,5
1096;81;2009;7,1;1,4;0,5
1097;81;2010;6,7;1,1;0,4
1098;81;2011;5,9;1,1;0,3
1099;81;2012;4,3;0,8;0,3
1100;81;2013;4,2;0,8;0,3
1101;81;2014;4,3;0,8;0,3
1102;81;2015;3,8;1;0,2
1103;81;2016;4,1;1,2;0,3
1105;82;1970;8,4;1,3;0,5
1106;82;1971;8,4;1,3;0,5
1107;82;1972;7,8;1,2;0,4
1108;82;1973;7,8;1,2;0,4
1109;82;1974;7,2;1,1;0,4
1110;82;1975;7,2;1,1;0,4
1111;82;1976;7,3;1,1;0,4
1112;82;1977;7,2;1;0,4
1113;82;1978;7,2;1,1;0,4
1114;82;1979;7,2;1,1;0,4
1115;82;1980;7;1;0,4
1116;82;1981;7;1;0,4
1117;82;1982;6,9;1;0,4
1118;82;1983;6,9;1;0,4
1119;82;1984;7;1;0,4
1120;82;1985;7;1;0,4
1121;82;1986;7;1;0,4
1122;82;1987;6,9;1,1;0,4
1123;82;1988;6,8;1,1;0,4
1124;82;1989;6,9;1,1;0,4
1125;82;1990;7,2;1,1;0,4
1126;82;1991;5,6;0,9;0,3
1127;82;1992;6;0,9;0,3
1128;82;1993;6,2;0,9;0,3
1129;82;1994;5,4;0,8;0,3
1130;82;1995;5,3;0,7;0,3
1131;82;1996;4,8;0,7;0,3
1132;82;1997;4,9;0,7;0,3
1133;82;1998;4,6;0,6;0,3
1134;82;1999;6;0,8;0,3
1135;82;2000;4,6;0,7;0,2
1136;82;2001;3,5;0,5;0,2
1137;82;2002;3,9;0,6;0,2
1138;82;2003;3,2;0,6;0,2
1139;82;2004;2,5;0,5;0,2
1140;82;2005;2,6;0,5;0,2
1141;82;2006;4;0,6;0,2
1142;82;2007;3,9;0,6;0,2
1143;82;2008;2,9;0,5;0,1
1144;82;2009;1,9;0,4;0,1
1145;82;2010;1,5;0,4;0,1
1146;82;2011;1,6;0,4;0,1
1147;82;2012;1,6;0,4;0,1
1148;82;2013;3;0,6;0,1
1149;82;2014;2,8;0,6;0,1
1150;82;2015;2,5;0,5;0,1
1151;82;2016;3,1;0,6;0,1
1153;86;1970;0,5;0,1;0
1154;86;1971;0,5;0,1;0
1155;86;1972;0,5;0,1;0
1156;86;1973;0,5;0,1;0
1157;86;1974;0,4;0,1;0
1158;86;1975;0,3;0;0
1159;86;1976;0,3;0;0
1160;86;1977;0,3;0;0
1161;86;1978;0,3;0;0
1162;86;1979;0,3;0;0
1163;86;1980;0,3;0;0
1164;86;1981;0,3;0;0
1165;86;1982;0,3;0;0
1166;86;1983;0,3;0;0
1167;86;1984;0,3;0;0
1168;86;1985;0,3;0;0
1169;86;1986;0,3;0;0
1170;86;1987;0,3;0;0
1171;86;1988;0,3;0;0
1172;86;1989;0,3;0;0
1173;86;1990;0,3;0;0
1174;86;1991;0,3;0;0
1175;86;1992;0,2;0;0
1176;86;1993;0,3;0;0
1177;86;1994;0,2;0;0
1178;86;1995;0,3;0;0
1179;86;1996;0,3;0;0
1180;86;1997;0,3;0;0
1181;86;1998;0,2;0;0
1182;86;1999;0,3;0;0
1183;86;2000;0,2;0;0
1184;86;2001;0,2;0;0
1185;86;2002;0,3;0;0
1186;86;2003;0,2;0;0
1187;86;2004;0,2;0;0
1188;86;2005;0,1;0;0
1189;86;2006;0,1;0;0
1190;86;2007;0;0;0
1191;86;2008;0;0;0
1192;86;2009;0,1;0;0
1193;86;2010;0,1;0;0
1194;86;2011;0,1;0;0
1195;86;2012;0;0;0
1196;86;2013;0;0;0
1197;86;2014;0;0;0
1198;86;2015;0;0;0
1199;86;2016;0;0;0
1201;87;1970;1;0,2;0,1
1202;87;1971;1;0,2;0,1
1203;87;1972;0,7;0,2;0,1
1204;87;1973;0,7;0,2;0
1205;87;1974;0,7;0,2;0
1206;87;1975;0,7;0,2;0
1207;87;1976;0,6;0,1;0
1208;87;1977;0,6;0,1;0
1209;87;1978;0,6;0,1;0
1210;87;1979;0,6;0,1;0
1211;87;1980;0,6;0,1;0
1212;87;1981;0,6;0,1;0
1213;87;1982;0,6;0,1;0
1214;87;1983;0,6;0,1;0
1215;87;1984;0,6;0,1;0
1216;87;1985;0,6;0,1;0
1217;87;1986;0,5;0,1;0
1218;87;1987;0,6;0,1;0
1219;87;1988;0,6;0,1;0
1220;87;1989;0,6;0,1;0
1221;87;1990;0,5;0,1;0
1222;87;1991;0,5;0,1;0
1223;87;1992;0,5;0,1;0
1224;87;1993;0,5;0,1;0
1225;87;1994;0,3;0,1;0
1226;87;1995;0,5;0,1;0
1227;87;1996;0,4;0,1;0
1228;87;1997;0,4;0,1;0
1229;87;1998;0,3;0,1;0
1230;87;1999;0,4;0,1;0
1231;87;2000;0,4;0,1;0
1232;87;2001;0;0;0
1233;87;2002;0;0;0
1234;87;2003;0,2;0,1;0
1235;87;2004;0,2;0;0
1236;87;2005;0,2;0;0
1237;87;2006;0,3;0;0
1238;87;2007;0,2;0;0
1239;87;2008;0,4;0;0
1240;87;2009;0,1;0;0
1241;87;2010;0,4;0;0
1242;87;2011;0,4;0;0
1243;87;2012;0,3;0,1;0
1244;87;2013;0,3;0,1;0
1245;87;2014;0,1;0;0
1246;87;2015;0,1;0;0
1247;87;2016;0,2;0,1;0
1249;FRF_ADOU;1970;52,6;8,7;3
1250;FRF_ADOU;1971;52,7;8,7;3
1251;FRF_ADOU;1972;52,8;8,8;3
1252;FRF_ADOU;1973;51,7;8,6;3
1253;FRF_ADOU;1974;51,6;8,6;3
1254;FRF_ADOU;1975;50,5;8,5;3
1255;FRF_ADOU;1976;48,8;8,1;2,9
1256;FRF_ADOU;1977;46,8;7,8;2,9
1257;FRF_ADOU;1978;46,5;7,8;2,9
1258;FRF_ADOU;1979;46,3;7,8;2,9
1259;FRF_ADOU;1980;45,9;7,7;2,9
1260;FRF_ADOU;1981;45,1;7,6;2,8
1261;FRF_ADOU;1982;38,2;6,5;2,6
1262;FRF_ADOU;1983;37,9;6,5;2,6
1263;FRF_ADOU;1984;37,8;6,5;2,6
1264;FRF_ADOU;1985;37,8;6,5;2,6
1265;FRF_ADOU;1986;37,4;6,5;2,6
1266;FRF_ADOU;1987;36,8;6,5;2,6
1267;FRF_ADOU;1988;34,4;6,2;2,4
1268;FRF_ADOU;1989;34,2;6,1;2,4
1269;FRF_ADOU;1990;34,5;6,1;2,3
1270;FRF_ADOU;1991;33,4;5,9;2,2
1271;FRF_ADOU;1992;33;5,8;2,2
1272;FRF_ADOU;1993;32;5,6;2,1
1273;FRF_ADOU;1994;32,5;5,8;2,1
1274;FRF_ADOU;1995;30;5,5;2
1275;FRF_ADOU;1996;30;5,4;2
1276;FRF_ADOU;1997;29;5,2;1,9
1277;FRF_ADOU;1998;27,7;4,9;1,7
1278;FRF_ADOU;1999;28;5;1,8
1279;FRF_ADOU;2000;26,8;4,8;1,7
1280;FRF_ADOU;2001;26,6;4,8;1,6
1281;FRF_ADOU;2002;22,1;4,2;1,5
1282;FRF_ADOU;2003;23,4;4,5;1,5
1283;FRF_ADOU;2004;21,9;4,3;1,4
1284;FRF_ADOU;2005;24,2;4,6;1,5
1285;FRF_ADOU;2006;22,4;4,4;1,4
1286;FRF_ADOU;2007;22,3;4,4;1,4
1287;FRF_ADOU;2008;24,4;4,4;1,2
1288;FRF_ADOU;2009;21,6;4,4;1,2
1289;FRF_ADOU;2010;22,2;4,5;1,2
1290;FRF_ADOU;2011;22,3;4,6;1,1
1291;FRF_ADOU;2012;20;4,3;1
1292;FRF_ADOU;2013;19,2;4,1;1
1293;FRF_ADOU;2014;17,9;3,8;0,9
1294;FRF_ADOU;2015;18,8;4;0,9
1295;FRF_ADOU;2016;18,9;4;0,9
1297;FRF_CHAR;1970;22,6;3,9;1,4
1298;FRF_CHAR;1971;21,7;3,7;1,4
1299;FRF_CHAR;1972;21,5;3,7;1,4
1300;FRF_CHAR;1973;21,1;3,6;1,4
1301;FRF_CHAR;1974;21;3,6;1,4
1302;FRF_CHAR;1975;20,4;3,5;1,4
1303;FRF_CHAR;1976;20,1;3,5;1,4
1304;FRF_CHAR;1977;19;3,3;1,3
1305;FRF_CHAR;1978;18,7;3,2;1,3
1306;FRF_CHAR;1979;18,5;3,2;1,3
1307;FRF_CHAR;1980;18,5;3,2;1,3
1308;FRF_CHAR;1981;18,3;3,2;1,3
1309;FRF_CHAR;1982;16,8;2,9;1,2
1310;FRF_CHAR;1983;16,7;2,9;1,2
1311;FRF_CHAR;1984;16,6;2,9;1,2
1312;FRF_CHAR;1985;16,5;2,8;1,2
1313;FRF_CHAR;1986;16,5;2,8;1,2
1314;FRF_CHAR;1987;17,1;2,8;1,2
1315;FRF_CHAR;1988;17,1;2,8;1,2
1316;FRF_CHAR;1989;17,9;2,8;1,1
1317;FRF_CHAR;1990;16,6;2,8;1,1
1318;FRF_CHAR;1991;16,5;2,8;1,1
1319;FRF_CHAR;1992;14,9;2,6;1
1320;FRF_CHAR;1993;14,4;2,5;0,9
1321;FRF_CHAR;1994;14,3;2,4;0,9
1322;FRF_CHAR;1995;14,3;2,3;0,9
1323;FRF_CHAR;1996;12,4;1,9;0,7
1324;FRF_CHAR;1997;10,7;1,6;0,6
1325;FRF_CHAR;1998;11;1,7;0,6
1326;FRF_CHAR;1999;10;1,5;0,6
1327;FRF_CHAR;2000;8,8;1,3;0,6
1328;FRF_CHAR;2001;8,6;1,3;0,6
1329;FRF_CHAR;2002;7,9;1,4;0,5
1330;FRF_CHAR;2003;8,5;1,4;0,5
1331;FRF_CHAR;2004;6,6;1,1;0,5
1332;FRF_CHAR;2005;6,1;1;0,4
1333;FRF_CHAR;2006;6,2;1;0,4
1334;FRF_CHAR;2007;7,6;1,4;0,5
1335;FRF_CHAR;2008;6,6;1,3;0,4
1336;FRF_CHAR;2009;5,8;1,1;0,4
1337;FRF_CHAR;2010;7;1,3;0,4
1338;FRF_CHAR;2011;7,9;1,5;0,4
1339;FRF_CHAR;2012;7;1,3;0,3
1340;FRF_CHAR;2013;6,5;1,2;0,3
1341;FRF_CHAR;2014;6,3;1,3;0,3
1342;FRF_CHAR;2015;6,8;1,3;0,3
1343;FRF_CHAR;2016;7,7;1,5;0,3
1345;FRF_DORD;1970;47,2;7;2,8
1346;FRF_DORD;1971;46,8;6,9;2,8
1347;FRF_DORD;1972;46,3;6,8;2,8
1348;FRF_DORD;1973;45,9;6,8;2,8
1349;FRF_DORD;1974;45,5;6,7;2,8
1350;FRF_DORD;1975;42;6,1;2,6
1351;FRF_DORD;1976;41,7;6;2,6
1352;FRF_DORD;1977;41,3;6;2,6
1353;FRF_DORD;1978;40,6;5,9;2,6
1354;FRF_DORD;1979;38,9;5,6;2,6
1355;FRF_DORD;1980;36,9;5,3;2,5
1356;FRF_DORD;1981;36,9;5,3;2,5
1357;FRF_DORD;1982;36,4;5,3;2,5
1358;FRF_DORD;1983;35,7;5,2;2,5
1359;FRF_DORD;1984;35,3;5,1;2,4
1360;FRF_DORD;1985;35,1;5,1;2,4
1361;FRF_DORD;1986;34,6;5;2,4
1362;FRF_DORD;1987;32,7;5,2;2,1
1363;FRF_DORD;1988;31,3;4,9;2,2
1364;FRF_DORD;1989;31,3;4,8;2,4
1365;FRF_DORD;1990;32;4,7;3,4
1366;FRF_DORD;1991;35;4,8;2,2
1367;FRF_DORD;1992;34,1;4,7;2,1
1368;FRF_DORD;1993;27,8;4;1,6
1369;FRF_DORD;1994;26,4;3,7;1,5
1370;FRF_DORD;1995;24,9;3,7;1,5
1371;FRF_DORD;1996;22,6;3,3;1,4
1372;FRF_DORD;1997;24,1;3,6;1,4
1373;FRF_DORD;1998;24,1;3,5;1,5
1374;FRF_DORD;1999;24,4;3,6;1,5
1375;FRF_DORD;2000;22,2;3,3;1,3
1376;FRF_DORD;2001;22;3,3;1,4
1377;FRF_DORD;2002;19,4;3;1,3
1378;FRF_DORD;2003;20,5;3;1,1
1379;FRF_DORD;2004;20;2,7;1
1380;FRF_DORD;2005;20,7;2,8;1
1381;FRF_DORD;2006;17,7;2,3;1
1382;FRF_DORD;2007;16,2;2,2;0,9
1383;FRF_DORD;2008;19,5;2,6;0,8
1384;FRF_DORD;2009;15,7;2,4;0,7
1385;FRF_DORD;2010;15,9;2,5;0,7
1386;FRF_DORD;2011;16,7;2,5;0,7
1387;FRF_DORD;2012;14,5;2,3;0,6
1388;FRF_DORD;2013;11,8;2;0,6
1389;FRF_DORD;2014;13,6;2,3;0,6
1390;FRF_DORD;2015;14,3;2,2;0,6
1391;FRF_DORD;2016;14,9;2,1;0,7
1393;FRF_GARO;1970;112,9;17,9;7,6
1394;FRF_GARO;1971;111,9;17,8;7,6
1395;FRF_GARO;1972;111,6;17,8;7,6
1396;FRF_GARO;1973;109,5;17,4;7,5
1397;FRF_GARO;1974;97,9;15,7;7,3
1398;FRF_GARO;1975;97,8;15,7;7,3
1399;FRF_GARO;1976;96,7;15,6;7,3
1400;FRF_GARO;1977;95,9;15,5;7,3
1401;FRF_GARO;1978;95,2;15,4;7,3
1402;FRF_GARO;1979;93,4;15,1;7,2
1403;FRF_GARO;1980;92,1;14,9;7,2
1404;FRF_GARO;1981;92,2;14,9;7,2
1405;FRF_GARO;1982;92,2;15;7,2
1406;FRF_GARO;1983;91;14,8;7,2
1407;FRF_GARO;1984;91,7;15;7,3
1408;FRF_GARO;1985;91;14,9;7,3
1409;FRF_GARO;1986;91,6;15;7,4
1410;FRF_GARO;1987;93,2;15,3;8
1411;FRF_GARO;1988;92,6;15;7,5
1412;FRF_GARO;1989;80,6;13,4;7,4
1413;FRF_GARO;1990;78,5;13,3;7,1
1414;FRF_GARO;1991;80,9;13,5;7,1
1415;FRF_GARO;1992;80,2;13,7;6,8
1416;FRF_GARO;1993;78,2;13,6;6,8
1417;FRF_GARO;1994;73,3;13,1;6,6
1418;FRF_GARO;1995;70,3;12,6;5,5
1419;FRF_GARO;1996;73,2;12,9;5,5
1420;FRF_GARO;1997;70,9;12,3;4,9
1421;FRF_GARO;1998;69,6;12;4,7
1422;FRF_GARO;1999;68,9;12,1;4,7
1423;FRF_GARO;2000;62,5;11,1;4,5
1424;FRF_GARO;2001;67,4;11,5;4,4
1425;FRF_GARO;2002;67,4;11,6;4,4
1426;FRF_GARO;2003;62,3;11;4,1
1427;FRF_GARO;2004;57,9;10,4;3,9
1428;FRF_GARO;2005;55,2;10,5;4
1429;FRF_GARO;2006;57;10,8;3,9
1430;FRF_GARO;2007;55,5;10,7;3,9
1431;FRF_GARO;2008;48,5;9,9;3,5
1432;FRF_GARO;2009;48,7;10,4;3,4
1433;FRF_GARO;2010;47,8;10,4;3,2
1434;FRF_GARO;2011;51;10,8;3,2
1435;FRF_GARO;2012;44,3;9,8;3
1436;FRF_GARO;2013;43,4;9,8;2,8
1437;FRF_GARO;2014;40,1;9,3;2,7
1438;FRF_GARO;2015;42,2;9,5;2,6
1439;FRF_GARO;2016;44;9,5;2,8
1441;FRF_LITT;1970;34,4;5,3;1,9
1442;FRF_LITT;1971;33,7;5,2;1,9
1443;FRF_LITT;1972;33,8;5,2;1,9
1444;FRF_LITT;1973;33,2;5,2;1,9
1445;FRF_LITT;1974;32,7;5,1;1,9
1446;FRF_LITT;1975;29,8;4,6;1,8
1447;FRF_LITT;1976;24,7;3,7;1,5
1448;FRF_LITT;1977;21,4;3,4;1,3
1449;FRF_LITT;1978;21,1;3,4;1,3
1450;FRF_LITT;1979;20,6;3,4;1,3
1451;FRF_LITT;1980;20,6;3,4;1,3
1452;FRF_LITT;1981;18,7;3,3;1,2
1453;FRF_LITT;1982;17;2,9;1,1
1454;FRF_LITT;1983;17,1;3;1,1
1455;FRF_LITT;1984;16,4;2,9;1,1
1456;FRF_LITT;1985;16,6;2,9;1,1
1457;FRF_LITT;1986;15,4;2,7;1,1
1458;FRF_LITT;1987;17,1;2,7;1,1
1459;FRF_LITT;1988;14;2,7;1,1
1460;FRF_LITT;1989;14,6;2,8;1,1
1461;FRF_LITT;1990;15,6;2,8;1,1
1462;FRF_LITT;1991;16;2,8;1,1
1463;FRF_LITT;1992;17,4;2,9;1,1
1464;FRF_LITT;1993;18,3;3,3;1,2
1465;FRF_LITT;1994;17,6;3,2;1,1
1466;FRF_LITT;1995;19,4;3,7;1,2
1467;FRF_LITT;1996;20,4;3,8;1,2
1468;FRF_LITT;1997;16,9;3,7;1,2
1469;FRF_LITT;1998;16,1;3,9;1,2
1470;FRF_LITT;1999;14,7;3,7;1,2
1471;FRF_LITT;2000;14,1;3,7;1,1
1472;FRF_LITT;2001;13,3;3,5;1,1
1473;FRF_LITT;2002;13,1;3,5;1
1474;FRF_LITT;2003;12,9;3,5;1
1475;FRF_LITT;2004;11,3;3,2;1
1476;FRF_LITT;2005;12,1;3,4;1
1477;FRF_LITT;2006;11;3,2;0,9
1478;FRF_LITT;2007;11,3;2,8;1,1
1479;FRF_LITT;2008;11,5;2,9;1,1
1480;FRF_LITT;2009;9,9;2,6;1
1481;FRF_LITT;2010;10,2;2,7;1
1482;FRF_LITT;2011;12;3,1;1
1483;FRF_LITT;2012;11,6;3;1
1484;FRF_LITT;2013;10;2,8;0,8
1485;FRF_LITT;2014;10,9;2,9;0,8
1486;FRF_LITT;2015;13,3;3,3;0,8
1487;FRF_LITT;2016;12,8;3,3;0,8
1489;FRF_LOT;1970;15,2;2,5;1
1490;FRF_LOT;1971;15,3;2,6;1
1491;FRF_LOT;1972;15,1;2,5;0,9
1492;FRF_LOT;1973;14,6;2,5;0,9
1493;FRF_LOT;1974;14,2;2,4;0,9
1494;FRF_LOT;1975;13,6;2,3;0,9
1495;FRF_LOT;1976;13,3;2,3;0,9
1496;FRF_LOT;1977;13,1;2,2;0,9
1497;FRF_LOT;1978;10,5;1,7;0,7
1498;FRF_LOT;1979;10,2;1,7;0,7
1499;FRF_LOT;1980;10;1,7;0,7
1500;FRF_LOT;1981;9,9;1,6;0,7
1501;FRF_LOT;1982;9,8;1,6;0,7
1502;FRF_LOT;1983;9,6;1,6;0,7
1503;FRF_LOT;1984;9,5;1,6;0,7
1504;FRF_LOT;1985;8,6;1,4;0,7
1505;FRF_LOT;1986;8,5;1,4;0,7
1506;FRF_LOT;1987;8,6;1,4;0,6
1507;FRF_LOT;1988;8,4;1,4;0,6
1508;FRF_LOT;1989;7,9;1,3;0,6
1509;FRF_LOT;1990;8,2;1,3;0,6
1510;FRF_LOT;1991;7,5;1,2;0,6
1511;FRF_LOT;1992;7,3;1,2;0,5
1512;FRF_LOT;1993;7;1,2;0,6
1513;FRF_LOT;1994;5,9;1;0,5
1514;FRF_LOT;1995;6,2;1;0,5
1515;FRF_LOT;1996;6,7;1,2;0,5
1516;FRF_LOT;1997;6;0,9;0,5
1517;FRF_LOT;1998;4,5;0,7;0,3
1518;FRF_LOT;1999;5,7;0,9;0,4
1519;FRF_LOT;2000;4,4;0,7;0,3
1520;FRF_LOT;2001;5,2;0,9;0,4
1521;FRF_LOT;2002;6,2;0,8;0,3
1522;FRF_LOT;2003;7,2;0,9;0,4
1523;FRF_LOT;2004;6,7;0,8;0,3
1524;FRF_LOT;2005;6;0,9;0,4
1525;FRF_LOT;2006;6,2;1;0,4
1526;FRF_LOT;2007;5,2;0,8;0,3
1527;FRF_LOT;2008;5,2;0,8;0,3
1528;FRF_LOT;2009;5,6;0,9;0,3
1529;FRF_LOT;2010;6,2;0,9;0,3
1530;FRF_LOT;2011;6;0,7;0,3
1531;FRF_LOT;2012;4,3;0,6;0,2
1532;FRF_LOT;2013;3,6;0,5;0,2
1533;FRF_LOT;2014;4,3;0,6;0,2
1534;FRF_LOT;2015;4,5;0,6;0,2
1535;FRF_LOT;2016;4,4;0,6;0,2
1537;FRF_TARN;1970;41,7;6,4;2,2
1538;FRF_TARN;1971;41,8;6,4;2,2
1539;FRF_TARN;1972;41,2;6,3;2,2
1540;FRF_TARN;1973;41,3;6,3;2,2
1541;FRF_TARN;1974;40,7;6,2;2,2
1542;FRF_TARN;1975;40,6;6,2;2,2
1543;FRF_TARN;1976;37;5,7;2
1544;FRF_TARN;1977;36,7;5,7;1,9
1545;FRF_TARN;1978;36,7;5,7;1,9
1546;FRF_TARN;1979;34,7;5,4;1,9
1547;FRF_TARN;1980;34,6;5,3;1,9
1548;FRF_TARN;1981;34,4;5,3;1,9
1549;FRF_TARN;1982;28,9;4,4;1,6
1550;FRF_TARN;1983;28,8;4,3;1,6
1551;FRF_TARN;1984;28,9;4,4;1,6
1552;FRF_TARN;1985;28,7;4,3;1,6
1553;FRF_TARN;1986;28,6;4,3;1,6
1554;FRF_TARN;1987;30,6;4,3;1,7
1555;FRF_TARN;1988;28,7;4,2;1,5
1556;FRF_TARN;1989;30,2;4,4;1,4
1557;FRF_TARN;1990;31;4,5;1,4
1558;FRF_TARN;1991;16,7;2,3;0,9
1559;FRF_TARN;1992;15,3;2,2;0,9
1560;FRF_TARN;1993;12,3;1,9;0,8
1561;FRF_TARN;1994;14,6;1,5;0,9
1562;FRF_TARN;1995;13,1;1,3;0,9
1563;FRF_TARN;1996;15,7;1,8;1
1564;FRF_TARN;1997;16,3;1,9;1
1565;FRF_TARN;1998;13;1,8;0,9
1566;FRF_TARN;1999;10;1,5;0,7
1567;FRF_TARN;2000;10,9;1,4;0,7
1568;FRF_TARN;2001;9,6;1,5;0,7
1569;FRF_TARN;2002;10,2;1,7;0,7
1570;FRF_TARN;2003;12;2,3;0,7
1571;FRF_TARN;2004;12,5;2,4;0,7
1572;FRF_TARN;2005;13,7;2,5;0,8
1573;FRF_TARN;2006;15,5;2,3;0,8
1574;FRF_TARN;2007;15;2,1;0,8
1575;FRF_TARN;2008;18,4;2,1;0,8
1576;FRF_TARN;2009;11,8;1,9;0,8
1577;FRF_TARN;2010;10;1,7;0,6
1578;FRF_TARN;2011;9;1,6;0,5
1579;FRF_TARN;2012;8,1;1,5;0,5
1580;FRF_TARN;2013;9,4;1,6;0,5
1581;FRF_TARN;2014;9,3;1,5;0,5
1582;FRF_TARN;2015;8,9;1,8;0,5
1583;FRF_TARN;2016;10,7;2,1;0,6
1585;bag;1970;326,4;51,7;19,9
1586;bag;1971;323,8;51,3;19,9
1587;bag;1972;322,2;51,1;19,9
1588;bag;1973;317,1;50,3;19,7
1589;bag;1974;303,4;48,3;19,5
1590;bag;1975;294,5;46,9;19,1
1591;bag;1976;281,9;44,9;18,5
1592;bag;1977;273,8;43,8;18,2
1593;bag;1978;269,1;43;18,1
1594;bag;1979;262,2;42,1;17,8
1595;bag;1980;258,3;41,5;17,7
1596;bag;1981;255,2;41,2;17,6
1597;bag;1982;238,7;38,5;17
1598;bag;1983;236,2;38,2;17
1599;bag;1984;235,3;38,1;17
1600;bag;1985;233,4;37,8;17
1601;bag;1986;231,7;37,6;17
1602;bag;1987;235,2;38;17,2
1603;bag;1988;225,4;37,1;16,4
1604;bag;1989;215,7;35,4;16,4
1605;bag;1990;215,2;35,3;17,1
1606;bag;1991;204,9;33,3;15,1
1607;bag;1992;201,1;32,9;14,6
1608;bag;1993;188,7;32;13,9
1609;bag;1994;183,4;30,7;13,5
1610;bag;1995;177,1;29,9;12,4
1611;bag;1996;179,6;30;12,3
1612;bag;1997;172,8;29;11,5
1613;bag;1998;164,7;28,1;10,9
1614;bag;1999;160,5;28,1;10,9
1615;bag;2000;148,2;26;10,2
1616;bag;2001;151,2;26,6;10
1617;bag;2002;144,7;26;9,7
1618;bag;2003;144,7;26,4;9,4
1619;bag;2004;135,1;24,6;8,8
1620;bag;2005;136,1;25,4;9
1621;bag;2006;134,1;24,8;9
1622;bag;2007;130,9;24,1;8,8
1623;bag;2008;132,3;23,6;7,9
1624;bag;2009;116,9;23,5;7,7
1625;bag;2010;117,3;23,7;7,3
1626;bag;2011;122,9;24,5;7,2
1627;bag;2012;107,7;22,6;6,7
1628;bag;2013;102;21,8;6,2
1629;bag;2014;100,4;21,3;6
1630;bag;2015;106,8;22,5;5,9
1631;bag;2016;111,5;22,8;6,3
