annee,lb_geo,POSOR_MO,POSOR_DBO5,POSOR_NR,POSOR_PT
1970,09,"12,7922","8,5281333333","0,6973","0,1958"
1970,12,"15,955","10,6366666667","1,6505","0,4279"
1970,15,"8,6005","5,7336666667","0,762","0,2896"
1970,16,"13,2738","8,8492","2,2437","0,1728"
1970,17,"4,8527","3,2351333333","0,4579","0,1567"
1970,19,"14,1548","9,4365333333","1,0174","0,2234"
1970,24,"31,165","20,7766666667","1,8148","0,4233"
1970,31,"49,9944","33,3296","8,747","2,1115"
1970,32,"7,423","4,9486666667","0,7604","0,1513"
1970,33,"34,8996","23,2664","2,967","8,2809"
1970,40,"100,6846","67,1230666667","9,989","0,4403"
1970,46,"4,4599","2,9732666667","0,5763","0,2157"
1970,47,"21,7494","14,4996","1,479","0,6397"
1970,48,"2,3687","1,5791333333","0,2611","0,1128"
1970,63,"0,3783","0,2522","0,0169","0,0104"
1970,64,"22,1601","14,7734","3,0077","0,4012"
1970,65,"3,7955","2,5303333333","2,1561","0,1888"
1970,79,"0,3212","0,2141333333","0,3193","0,0161"
1970,81,"51,8078","34,5385333333","4,8128","0,8387"
1970,82,"4,6255","3,0836666667","0,5355","0,1957"
1970,86,"0,1274","0,0849333333","0,0156","0,013"
1970,87,"0,4034","0,2689333333","0,135","0,0141"
1970,bag,"457,2739","304,8492666667","45,289","15,5941"
1970,FRF_ADOU,"117,8321","78,5547333333","14,5052","0,8522"
1970,FRF_CHAR,"17,1157","11,4104666667","2,9594","0,351"
1970,FRF_DORD,"60,9763","40,6508666667","4,3144","1,1075"
1970,FRF_GARO,"102,7695","68,513","13,8664","10,9583"
1970,FRF_LITT,"36,1319","24,0879333333","0,7384","0,257"
1970,FRF_LOT,"22,0614","14,7076","1,5345","0,38"
1970,FRF_TARN,"71,2668","47,5112","6,8153","1,6248"
1971,09,"12,6643500548","8,4429000365","0,6909734666","0,1947205915"
1971,12,"15,6572631435","10,438175429","1,6206663472","0,4194146495"
1971,15,"8,4117534228","5,6078356152","0,7455090361","0,283243483"
1971,16,"13,1488884447","8,7659256298","2,2374334337","0,1717205915"
1971,17,"4,7699753286","3,1799835524","0,4527128423","0,1558304765"
1971,19,"13,9168503834","9,2779002556","0,9997696605","0,2210612815"
1971,24,"30,720643483","20,4804289887","1,7828375137","0,4163737952"
1971,31,"49,420574425","32,9470496166","8,731708379","2,1044538609"
1971,32,"7,3246538883","4,8831025922","0,744268839","0,1488713308"
1971,33,"34,3034666484","22,8689777656","2,939415115","8,2610208927"
1971,40,"99,5058858708","66,3372572472","9,8651678532","0,4363721522"
1971,46,"4,3776550657","2,9184367105","0,5648762596","0,214230805"
1971,47,"21,3021050931","14,2014033954","1,4478170865","0,635232448"
1971,48,"2,324354299","1,5495695327","0,2566924151","0,1105212486"
1971,63,"0,3695747809","0,2463831873","0,0165102136","0,0101601314"
1971,64,"21,8717480011","14,5811653341","2,9777464129","0,3944836802"
1971,65,"3,7653665115","2,510244341","2,1483942223","0,1880204272"
1971,79,"0,3177818729","0,211854582","0,3180706736","0,015890115"
1971,81,"51,4787003286","34,3191335524","4,7745409639","0,8252373768"
1971,82,"4,5344998631","3,0229999087","0,5257553395","0,1921319551"
1971,86,"0,1244616101","0,0829744067","0,0152401972","0,0127001643"
1971,87,"0,3968635816","0,2645757211","0,1323014786","0,013890115"
1971,bag,"451,322071276","300,8813808507","44,8440438116","15,4991420318"
1971,FRF_ADOU,"116,38038546","77,58692364","14,346466977","0,8412859803"
1971,FRF_CHAR,"16,9244348028","11,2829565352","2,9477663746","0,3486013143"
1971,FRF_DORD,"59,9802157996","39,986810533","4,235903012","1,0920584611"
1971,FRF_GARO,"101,3706165115","67,5804110077","13,7924005476","10,9279866101"
1971,FRF_LITT,"35,737825931","23,8252172873","0,7288652245","0,2555008215"
1971,FRF_LOT,"21,6239996714","14,4159997809","1,5037668401","0,372803943"
1971,FRF_TARN,"70,5605070099","47,0403380066","6,7403110898","1,5982345564"
1972,09,"12,5365001095","8,3576667397","0,6846469332","0,1936411829"
1972,12,"15,359526287","10,2396841913","1,5908326944","0,410929299"
1972,15,"8,2230068456","5,4820045637","0,7290180723","0,276886966"
1972,16,"13,0239768894","8,6826512596","2,2311668675","0,1706411829"
1972,17,"4,6872506572","3,1248337714","0,4475256846","0,1549609529"
1972,19,"13,6789007667","9,1192671778","0,9821393209","0,218722563"
1972,24,"30,276286966","20,1841913107","1,7508750274","0,4094475904"
1972,31,"48,8467488499","32,5644992333","8,7164167579","2,0974077218"
1972,32,"7,2263077766","4,8175385177","0,728137678","0,1464426616"
1972,33,"33,7073332968","22,4715555312","2,91183023","8,2411417853"
1972,40,"98,3271717415","65,5514478277","9,7413357065","0,4324443045"
1972,46,"4,2954101314","2,8636067543","0,5534525192","0,2127616101"
1972,47,"20,8548101862","13,9032067908","1,4166341731","0,6307648959"
1972,48,"2,280008598","1,520005732","0,2522848302","0,1082424973"
1972,63,"0,3608495619","0,2405663746","0,0161204272","0,0099202629"
1972,64,"21,5833960022","14,3889306681","2,9477928258","0,3877673604"
1972,65,"3,735233023","2,4901553487","2,1406884447","0,1872408543"
1972,79,"0,3143637459","0,2095758306","0,3168413472","0,01568023"
1972,81,"51,1496006572","34,0997337714","4,7362819277","0,8117747536"
1972,82,"4,4434997262","2,9623331508","0,5160106791","0,1885639102"
1972,86,"0,1215232202","0,0810154801","0,0148803943","0,0124003286"
1972,87,"0,3903271632","0,2602181088","0,1296029573","0,01368023"
1972,bag,"445,370242552","296,9134950347","44,3990876232","15,4041840635"
1972,FRF_ADOU,"114,92867092","76,6191139467","14,187733954","0,8303719606"
1972,FRF_CHAR,"16,7331696057","11,1554464038","2,9361327492","0,3462026287"
1972,FRF_DORD,"58,9841315991","39,3227543994","4,1574060241","1,0766169222"
1972,FRF_GARO,"99,971733023","66,6478220153","13,7184010953","10,8976732202"
1972,FRF_LITT,"35,343751862","23,5625012413","0,7193304491","0,2540016429"
1972,FRF_LOT,"21,1865993428","14,1243995619","1,4730336802","0,3656078861"
1972,FRF_TARN,"69,8542140197","46,5694760131","6,6653221796","1,5716691128"
1973,09,"12,4082998905","8,272199927","0,6783030668","0,1925588171"
1973,12,"15,060973713","10,040649142","1,5609173056","0,402420701"
1973,15,"8,0337431544","5,3558287696","0,7124819277","0,270513034"
1973,16,"12,8987231106","8,5991487404","2,2248831325","0,1695588171"
1973,17,"4,6042993428","3,0695328952","0,4423243154","0,1540890471"
1973,19,"13,4402992333","8,9601994889","0,9644606791","0,216377437"
1973,24,"29,830713034","19,8871420226","1,7188249726","0,4025024096"
1973,31,"48,2713511501","32,1809007667","8,7010832421","2,0903422782"
1973,32,"7,1276922234","4,7517948156","0,711962322","0,1440073384"
1973,33,"33,1095667032","22,0730444688","2,88416977","8,2212082147"
1973,40,"97,1452282585","64,7634855057","9,6171642935","0,4285056955"
1973,46,"4,2129398686","2,808626579","0,5419974808","0,2112883899"
1973,47,"20,4062898138","13,6041932092","1,3853658269","0,6262851041"
1973,48,"2,235541402","1,4903609346","0,2478651698","0,1059575027"
1973,63,"0,3521004381","0,2347336254","0,0157295728","0,0096797371"
1973,64,"21,2942539978","14,1961693319","2,9177571742","0,3810326396"
1973,65,"3,705016977","2,470011318","2,1329615553","0,1864591457"
1973,79,"0,3109362541","0,2072908361","0,3156086528","0,01546977"
1973,81,"50,8195993428","33,8797328952","4,6979180723","0,7982752464"
1973,82,"4,3522502738","2,9015001825","0,5062393209","0,1849860898"
1973,86,"0,1185767798","0,0790511866","0,0145196057","0,0120996714"
1973,87,"0,3837728368","0,2558485579","0,1268970427","0,01346977"
1973,bag,"439,402107448","292,9347382986","43,9529123768","15,3089659365"
1973,FRF_ADOU,"113,47297908","75,64865272","14,028566046","0,8194280394"
1973,FRF_CHAR,"16,5413803943","11,0275869295","2,9244672508","0,3437973713"
1973,FRF_DORD,"57,9853184009","38,6568789339","4,0786939759","1,0611330778"
1973,FRF_GARO,"98,569016977","65,7126779847","13,6441989047","10,8672767798"
1973,FRF_LITT,"34,948598138","23,2990654253","0,7097695509","0,2524983571"
1973,FRF_LOT,"20,7480006572","13,8320004381","1,4422163198","0,3583921139"
1973,FRF_TARN,"69,1459859803","46,0973239869","6,5901278204","1,5450308872"
1974,09,"12,2804499452","8,1869666302","0,6719765334","0,1914794085"
1974,12,"14,7632368565","9,8421579043","1,5310836528","0,3939353505"
1974,15,"7,8449965772","5,2299977181","0,6959909639","0,264156517"
1974,16,"12,7738115553","8,5158743702","2,2186165663","0,1684794085"
1974,17,"4,5215746714","3,0143831143","0,4371371577","0,1532195235"
1974,19,"13,2023496166","8,8015664111","0,9468303395","0,2140387185"
1974,24,"29,386356517","19,5909043447","1,6868624863","0,3955762048"
1974,31,"47,697525575","31,7983503834","8,685791621","2,0832961391"
1974,32,"7,0293461117","4,6862307411","0,695831161","0,1415786692"
1974,33,"32,5134333516","21,6756222344","2,856584885","8,2013291073"
1974,40,"95,9665141292","63,9776760862","9,4933321468","0,4245778478"
1974,46,"4,1306949343","2,7537966229","0,5305737404","0,209819195"
1974,47,"19,9589949069","13,3059966046","1,3541829135","0,621817552"
1974,48,"2,191195701","1,460797134","0,2434575849","0,1036787514"
1974,63,"0,3433752191","0,2289168127","0,0153397864","0,0094398686"
1974,64,"21,0059019989","14,0039346659","2,8878035871","0,3743163198"
1974,65,"3,6748834885","2,4499223257","2,1252557777","0,1856795728"
1974,79,"0,3075181271","0,2050120847","0,3143793264","0,015259885"
1974,81,"50,4904996714","33,6603331143","4,6596590361","0,7848126232"
1974,82,"4,2612501369","2,8408334246","0,4964946605","0,1814180449"
1974,86,"0,1156383899","0,0770922599","0,0141598028","0,0117998357"
1974,87,"0,3772364184","0,2514909456","0,1241985214","0,013259885"
1974,bag,"433,450278724","288,9668524827","43,5079561884","15,2140079682"
1974,FRF_ADOU,"112,02126454","74,6808430267","13,869833023","0,8085140197"
1974,FRF_CHAR,"16,3501151972","10,9000767981","2,9128336254","0,3413986857"
1974,FRF_DORD,"56,9892342004","37,9928228003","4,000196988","1,0456915389"
1974,FRF_GARO,"97,1701334885","64,7800889923","13,5701994524","10,8369633899"
1974,FRF_LITT,"34,554524069","23,0363493793","0,7002347755","0,2509991785"
1974,FRF_LOT,"20,3106003286","13,5404002191","1,4114831599","0,351196057"
1974,FRF_TARN,"68,4396929901","45,6264619934","6,5151389102","1,5184654436"
1975,09,"12,1526","8,1017333333","0,66565","0,1904"
1975,12,"14,4655","9,6436666667","1,50125","0,38545"
1975,15,"7,65625","5,1041666667","0,6795","0,2578"
1975,16,"12,6489","8,4326","2,21235","0,1674"
1975,17,"4,43885","2,9592333333","0,43195","0,15235"
1975,19,"12,9644","8,6429333333","0,9292","0,2117"
1975,24,"28,942","19,2946666667","1,6549","0,38865"
1975,31,"47,1237","31,4158","8,6705","2,07625"
1975,32,"6,931","4,6206666667","0,6797","0,13915"
1975,33,"31,9173","21,2782","2,829","8,18145"
1975,40,"94,7878","63,1918666667","9,3695","0,42065"
1975,46,"4,04845","2,6989666667","0,51915","0,20835"
1975,47,"19,5117","13,0078","1,323","0,61735"
1975,48,"2,14685","1,4312333333","0,23905","0,1014"
1975,63,"0,33465","0,2231","0,01495","0,0092"
1975,64,"20,71755","13,8117","2,85785","0,3676"
1975,65,"3,64475","2,4298333333","2,11755","0,1849"
1975,79,"0,3041","0,2027333333","0,31315","0,01505"
1975,81,"50,1614","33,4409333333","4,6214","0,77135"
1975,82,"4,17025","2,7801666667","0,48675","0,17785"
1975,86,"0,1127","0,0751333333","0,0138","0,0115"
1975,87,"0,3707","0,2471333333","0,1215","0,01305"
1975,bag,"427,49845","284,9989666667","43,063","15,11905"
1975,FRF_ADOU,"110,56955","73,7130333333","13,7111","0,7976"
1975,FRF_CHAR,"16,15885","10,7725666667","2,9012","0,339"
1975,FRF_DORD,"55,99315","37,3287666667","3,9217","1,03025"
1975,FRF_GARO,"95,77125","63,8475","13,4962","10,80665"
1975,FRF_LITT,"34,16045","22,7736333333","0,6907","0,2495"
1975,FRF_LOT,"19,8732","13,2488","1,38075","0,344"
1975,FRF_TARN,"67,7334","45,1556","6,44015","1,4919"
1976,09,"12,0247500548","8,0165000365","0,6593234666","0,1893205915"
1976,12,"14,1677631435","9,445175429","1,4714163472","0,3769646495"
1976,15,"7,4675034228","4,9783356152","0,6630090361","0,251443483"
1976,16,"12,5239884447","8,3493256298","2,2060834337","0,1663205915"
1976,17,"4,3561253286","2,9040835524","0,4267628423","0,1514804765"
1976,19,"12,7264503834","8,4843002556","0,9115696605","0,2093612815"
1976,24,"28,497643483","18,9984289887","1,6229375137","0,3817237952"
1976,31,"46,549874425","31,0332496166","8,655208379","2,0692038609"
1976,32,"6,8326538883","4,5551025922","0,663568839","0,1367213308"
1976,33,"31,3211666484","20,8807777656","2,801415115","8,1615708927"
1976,40,"93,6090858708","62,4060572472","9,2456678532","0,4167221522"
1976,46,"3,9662050657","2,6441367105","0,5077262596","0,206880805"
1976,47,"19,0644050931","12,7096033954","1,2918170865","0,612882448"
1976,48,"2,102504299","1,4016695327","0,2346424151","0,0991212486"
1976,63,"0,3259247809","0,2172831873","0,0145602136","0,0089601314"
1976,64,"20,4291980011","13,6194653341","2,8278964129","0,3608836802"
1976,65,"3,6146165115","2,409744341","2,1098442223","0,1841204272"
1976,79,"0,3006818729","0,200454582","0,3119206736","0,014840115"
1976,81,"49,8323003286","33,2215335524","4,5831409639","0,7578873768"
1976,82,"4,0792498631","2,7194999087","0,4770053395","0,1742819551"
1976,86,"0,1097616101","0,0731744067","0,0134401972","0,0112001643"
1976,87,"0,3641635816","0,2427757211","0,1188014786","0,012840115"
1976,bag,"421,546621276","281,0310808507","42,6180438116","15,0240920318"
1976,FRF_ADOU,"109,11783546","72,74522364","13,552366977","0,7866859803"
1976,FRF_CHAR,"15,9675848028","10,6450565352","2,8895663746","0,3366013143"
1976,FRF_DORD,"54,9970657996","36,664710533","3,843203012","1,0148084611"
1976,FRF_GARO,"94,3723665115","62,9149110077","13,4222005476","10,7763366101"
1976,FRF_LITT,"33,766375931","22,5109172873","0,6811652245","0,2480008215"
1976,FRF_LOT,"19,4357996714","12,9571997809","1,3500168401","0,336803943"
1976,FRF_TARN,"67,0271070099","44,6847380066","6,3651610898","1,4653345564"
1977,09,"11,8965498357","7,9310332238","0,6529796002","0,1882382256"
1977,12,"13,8692105696","9,2461403797","1,4415009584","0,3684560515"
1977,15,"7,2782397317","4,8521598211","0,6464728916","0,2450695509"
1977,16,"12,3987346659","8,2658231106","2,1997996988","0,1652382256"
1977,17,"4,2731740142","2,8487826762","0,4215614732","0,1506085706"
1977,19,"12,4878488499","8,3252325666","0,8938910186","0,2070161555"
1977,24,"28,0520695509","18,7013797006","1,5908874589","0,3747786145"
1977,31,"45,9744767251","30,6496511501","8,6398748631","2,0621384173"
1977,32,"6,7340383352","4,4893588901","0,647393483","0,1342860077"
1977,33,"30,7234000548","20,4822667032","2,773754655","8,141637322"
1977,40,"92,4271423877","61,6180949252","9,1214964403","0,4127835433"
1977,46,"3,8837348028","2,5891565352","0,4962712212","0,2054075849"
1977,47,"18,6158847207","12,4105898138","1,2605487404","0,6084026561"
1977,48,"2,058037103","1,3720247353","0,2302227547","0,0968362541"
1977,63,"0,3171756572","0,2114504381","0,0141693593","0,0087196057"
1977,64,"20,1400559967","13,4267039978","2,7978607612","0,3541489595"
1977,65,"3,5844004655","2,3896003103","2,102117333","0,1833387185"
1977,79,"0,2972543812","0,1981695874","0,3106879792","0,014629655"
1977,81,"49,5022990142","33,0015326762","4,5447771084","0,7443878697"
1977,82,"3,9880004107","2,6586669405","0,4672339814","0,1707041347"
1977,86,"0,1068151698","0,0712101132","0,0130794085","0,0108995071"
1977,87,"0,3576092552","0,2384061701","0,1160955641","0,012629655"
1977,bag,"415,578486172","277,0523241146","42,1718685652","14,9288739047"
1977,FRF_ADOU,"107,6621436199","71,7747624133","13,393199069","0,7757420591"
1977,FRF_CHAR,"15,7757955915","10,517197061","2,8779008762","0,334196057"
1977,FRF_DORD,"53,9982526013","35,9988350675","3,7644909639","0,9993246166"
1977,FRF_GARO,"92,9696504655","61,979766977","13,3479983571","10,7459401698"
1977,FRF_LITT,"33,371222207","22,2474814713","0,6716043264","0,2464975356"
1977,FRF_LOT,"18,9972009858","12,6648006572","1,3191994797","0,3295881709"
1977,FRF_TARN,"66,3188789704","44,2125859803","6,2899667306","1,4386963308"
1978,09,"11,7686998905","7,845799927","0,6466530668","0,1871588171"
1978,12,"13,571473713","9,047649142","1,4116673056","0,359970701"
1978,15,"7,0894931544","4,7263287696","0,6299819277","0,238713034"
1978,16,"12,2738231106","8,1825487404","2,1935331325","0,1641588171"
1978,17,"4,1904493428","2,7936328952","0,4163743154","0,1497390471"
1978,19,"12,2498992333","8,1665994889","0,8762606791","0,204677437"
1978,24,"27,607713034","18,4051420226","1,5589249726","0,3678524096"
1978,31,"45,4006511501","30,2671007667","8,6245832421","2,0550922782"
1978,32,"6,6356922234","4,4237948156","0,631262322","0,1318573384"
1978,33,"30,1272667032","20,0848444688","2,74616977","8,1217582147"
1978,40,"91,2484282585","60,8322855057","8,9976642935","0,4088556955"
1978,46,"3,8014898686","2,534326579","0,4848474808","0,2039383899"
1978,47,"18,1685898138","12,1123932092","1,2293658269","0,6039351041"
1978,48,"2,013691402","1,3424609346","0,2258151698","0,0945575027"
1978,63,"0,3084504381","0,2056336254","0,0137795728","0,0084797371"
1978,64,"19,8517039978","13,2344693319","2,7679071742","0,3474326396"
1978,65,"3,554266977","2,369511318","2,0944115553","0,1825591457"
1978,79,"0,2938362541","0,1958908361","0,3094586528","0,01441977"
1978,81,"49,1731993428","32,7821328952","4,5065180723","0,7309252464"
1978,82,"3,8970002738","2,5980001825","0,4574893209","0,1671360898"
1978,86,"0,1038767798","0,0692511866","0,0127196057","0,0105996714"
1978,87,"0,3510728368","0,2340485579","0,1133970427","0,01241977"
1978,bag,"409,626657448","273,0844382986","41,7269123768","14,8339159365"
1978,FRF_ADOU,"106,21042908","70,80695272","13,234466046","0,7648280394"
1978,FRF_CHAR,"15,5845303943","10,3896869295","2,8662672508","0,3317973713"
1978,FRF_DORD,"53,0021684009","35,3347789339","3,6859939759","0,9838830778"
1978,FRF_GARO,"91,570766977","61,0471779847","13,2739989047","10,7156267798"
1978,FRF_LITT,"32,977148138","21,9847654253","0,6620695509","0,2449983571"
1978,FRF_LOT,"18,5598006572","12,3732004381","1,2884663198","0,3223921139"
1978,FRF_TARN,"65,6125859803","43,7417239869","6,2149778204","1,4121308872"
1979,09,"11,6408499452","7,7605666302","0,6403265334","0,1860794085"
1979,12,"13,2737368565","8,8491579043","1,3818336528","0,3514853505"
1979,15,"6,9007465772","4,6004977181","0,6134909639","0,232356517"
1979,16,"12,1489115553","8,0992743702","2,1872665663","0,1630794085"
1979,17,"4,1077246714","2,7384831143","0,4111871577","0,1488695235"
1979,19,"12,0119496166","8,0079664111","0,8586303395","0,2023387185"
1979,24,"27,163356517","18,1089043447","1,5269624863","0,3609262048"
1979,31,"44,826825575","29,8845503834","8,609291621","2,0480461391"
1979,32,"6,5373461117","4,3582307411","0,615131161","0,1294286692"
1979,33,"29,5311333516","19,6874222344","2,718584885","8,1018791073"
1979,40,"90,0697141292","60,0464760862","8,8738321468","0,4049278478"
1979,46,"3,7192449343","2,4794966229","0,4734237404","0,202469195"
1979,47,"17,7212949069","11,8141966046","1,1981829135","0,599467552"
1979,48,"1,969345701","1,312897134","0,2214075849","0,0922787514"
1979,63,"0,2997252191","0,1998168127","0,0133897864","0,0082398686"
1979,64,"19,5633519989","13,0422346659","2,7379535871","0,3407163198"
1979,65,"3,5241334885","2,3494223257","2,0867057777","0,1817795728"
1979,79,"0,2904181271","0,1936120847","0,3082293264","0,014209885"
1979,81,"48,8440996714","32,5627331143","4,4682590361","0,7174626232"
1979,82,"3,8060001369","2,5373334246","0,4477446605","0,1635680449"
1979,86,"0,1009383899","0,0672922599","0,0123598028","0,0102998357"
1979,87,"0,3445364184","0,2296909456","0,1106985214","0,012209885"
1979,bag,"403,674828724","269,1165524827","41,2819561884","14,7389579682"
1979,FRF_ADOU,"104,75871454","69,8391430267","13,075733023","0,7539140197"
1979,FRF_CHAR,"15,3932651972","10,2621767981","2,8546336254","0,3293986857"
1979,FRF_DORD,"52,0060842004","34,6707228003","3,607496988","0,9684415389"
1979,FRF_GARO,"90,1718834885","60,1145889923","13,1999994524","10,6853133899"
1979,FRF_LITT,"32,583074069","21,7220493793","0,6525347755","0,2434991785"
1979,FRF_LOT,"18,1224003286","12,0816002191","1,2577331599","0,315196057"
1979,FRF_TARN,"64,9062929901","43,2708619934","6,1399889102","1,3855654436"
1980,09,"11,513","7,6753333333","0,634","0,185"
1980,12,"12,976","8,6506666667","1,352","0,343"
1980,15,"6,712","4,4746666667","0,597","0,226"
1980,16,"12,024","8,016","2,181","0,162"
1980,17,"4,025","2,6833333333","0,406","0,148"
1980,19,"11,774","7,8493333333","0,841","0,2"
1980,24,"26,719","17,8126666667","1,495","0,354"
1980,31,"44,253","29,502","8,594","2,041"
1980,32,"6,439","4,2926666667","0,599","0,127"
1980,33,"28,935","19,29","2,691","8,082"
1980,40,"88,891","59,2606666667","8,75","0,401"
1980,46,"3,637","2,4246666667","0,462","0,201"
1980,47,"17,274","11,516","1,167","0,595"
1980,48,"1,925","1,2833333333","0,217","0,09"
1980,63,"0,291","0,194","0,013","0,008"
1980,64,"19,275","12,85","2,708","0,334"
1980,65,"3,494","2,3293333333","2,079","0,181"
1980,79,"0,287","0,1913333333","0,307","0,014"
1980,81,"48,515","32,3433333333","4,43","0,704"
1980,82,"3,715","2,4766666667","0,438","0,16"
1980,86,"0,098","0,0653333333","0,012","0,01"
1980,87,"0,338","0,2253333333","0,108","0,012"
1980,bag,"397,723","265,1486666667","40,837","14,644"
1980,FRF_ADOU,"103,307","68,8713333333","12,917","0,743"
1980,FRF_CHAR,"15,202","10,1346666667","2,843","0,327"
1980,FRF_DORD,"51,01","34,0066666667","3,529","0,953"
1980,FRF_GARO,"88,773","59,182","13,126","10,655"
1980,FRF_LITT,"32,189","21,4593333333","0,643","0,242"
1980,FRF_LOT,"17,685","11,79","1,227","0,308"
1980,FRF_TARN,"64,2","42,8","6,065","1,359"
1981,09,"11,1208060227","7,4138706818","0,6289902229","0,1829960892"
1981,12,"12,976","8,6506666667","1,352","0,343"
1981,15,"6,712","4,4746666667","0,597","0,226"
1981,16,"11,6180649198","7,7453766132","2,1774215878","0,1612843176"
1981,17,"3,9952276105","2,6634850737","0,4055705905","0,1478568635"
1981,19,"11,4682604615","7,6455069743","0,8382804067","0,1995705905"
1981,24,"25,3602053187","16,9068035458","1,4562100117","0,3415471255"
1981,31,"42,3366886977","28,2244591318","8,5762510755","2,0362764959"
1981,32,"6,439","4,2926666667","0,599","0,127"
1981,33,"28,6726308174","19,1150872116","2,6875647243","8,0818568635"
1981,40,"83,7273511928","55,8182341285","8,2106617129","0,3919824013"
1981,46,"3,637","2,4246666667","0,462","0,201"
1981,47,"17,2697059054","11,5131372702","1,166713727","0,5945705905"
1981,48,"1,925","1,2833333333","0,217","0,09"
1981,63,"0,291","0,194","0,013","0,008"
1981,64,"19,0680246382","12,7120164255","2,7067117716","0,3338568635"
1981,65,"3,494","2,3293333333","2,079","0,181"
1981,79,"0,287","0,1913333333","0,307","0,014"
1981,81,"47,6432987876","31,7621991918","4,4239882675","0,703427454"
1981,82,"3,715","2,4766666667","0,438","0,16"
1981,86,"0,098","0,0653333333","0,012","0,01"
1981,87,"0,338","0,2253333333","0,108","0,012"
1981,bag,"383,6237696519","255,749179768","40,1655467345","14,6092178334"
1981,FRF_ADOU,"97,9370915135","65,2913943423","12,376516621","0,7338392648"
1981,FRF_CHAR,"14,8073727024","9,8715818016","2,8389921783","0,3261411811"
1981,FRF_DORD,"49,3023816973","32,8682544649","3,4872041455","0,9399745796"
1981,FRF_GARO,"86,2016961283","57,4677974189","13,1000922957","10,6479863121"
1981,FRF_LITT,"30,8022937036","20,534862469","0,6226746187","0,2409980446"
1981,FRF_LOT,"17,6831392257","11,7887594838","1,226713727","0,3078568635"
1981,FRF_TARN,"63,3282987876","42,2188658584","6,0589882675","1,358427454"
1982,09,"10,7296836136","7,1531224091","0,6239941338","0,1809976535"
1982,12,"12,976","8,6506666667","1,352","0,343"
1982,15,"6,712","4,4746666667","0,597","0,226"
1982,16,"11,2132389519","7,4754926346","2,1738529527","0,1605705905"
1982,17,"3,9655365663","2,6436910442","0,4051423543","0,1477141181"
1982,19,"11,1633562769","7,4422375179","0,835568244","0,1991423543"
1982,24,"24,0051231912","16,0034154608","1,417526007","0,3291282753"
1982,31,"40,4256132186","26,9504088124","8,5585506453","2,0315658975"
1982,32,"6,439","4,2926666667","0,599","0,127"
1982,33,"28,4109784904","18,9406523269","2,6841388346","8,0817141181"
1982,40,"78,5778107157","52,3852071438","7,6727970278","0,3829894408"
1982,46,"3,637","2,4246666667","0,462","0,201"
1982,47,"17,2654235432","11,5102823621","1,1664282362","0,5941423543"
1982,48,"1,925","1,2833333333","0,217","0,09"
1982,63,"0,291","0,194","0,013","0,008"
1982,64,"18,8616147829","12,5744098553","2,705427063","0,3337141181"
1982,65,"3,494","2,3293333333","2,079","0,181"
1982,79,"0,287","0,1913333333","0,307","0,014"
1982,81,"46,7739792726","31,1826528484","4,4179929605","0,7028564724"
1982,82,"3,715","2,4766666667","0,438","0,16"
1982,86,"0,098","0,0653333333","0,012","0,01"
1982,87,"0,338","0,2253333333","0,108","0,012"
1982,bag,"369,5630617912","246,3753745274","39,4959280407","14,5745307"
1982,FRF_ADOU,"92,5818549081","61,7212366054","11,8375099726","0,7247035589"
1982,FRF_CHAR,"14,4138236214","9,6092157476","2,834995307","0,3252847086"
1982,FRF_DORD,"47,5994290184","31,7329526789","3,4455224873","0,9269847478"
1982,FRF_GARO,"83,637417677","55,7582784513","13,0742553774","10,6409917873"
1982,FRF_LITT,"29,4193762221","19,6129174814","0,6024047712","0,2399988268"
1982,FRF_LOT,"17,6812835354","11,7875223569","1,2264282362","0,3077141181"
1982,FRF_TARN,"62,4589792726","41,6393195151","6,0529929605","1,3578564724"
1983,09,"10,3385612045","6,8923741364","0,6189980446","0,1789992178"
1983,12,"12,976","8,6506666667","1,352","0,343"
1983,15,"6,712","4,4746666667","0,597","0,226"
1983,16,"10,808412984","7,205608656","2,1702843176","0,1598568635"
1983,17,"3,9358455221","2,6238970147","0,4047141181","0,1475713727"
1983,19,"10,8584520923","7,2389680615","0,8328560813","0,1987141181"
1983,24,"22,6500410637","15,1000273758","1,3788420023","0,3167094251"
1983,31,"38,5145377395","25,676358493","8,5408502151","2,0268552992"
1983,32,"6,439","4,2926666667","0,599","0,127"
1983,33,"28,1493261635","18,7662174423","2,6807129449","8,0815713727"
1983,40,"73,4282702386","48,952180159","7,1349323426","0,3739964803"
1983,46,"3,637","2,4246666667","0,462","0,201"
1983,47,"17,2611411811","11,507427454","1,1661427454","0,5937141181"
1983,48,"1,925","1,2833333333","0,217","0,09"
1983,63,"0,291","0,194","0,013","0,008"
1983,64,"18,6552049276","12,4368032851","2,7041423543","0,3335713727"
1983,65,"3,494","2,3293333333","2,079","0,181"
1983,79,"0,287","0,1913333333","0,307","0,014"
1983,81,"45,9046597575","30,603106505","4,4119976535","0,7022854908"
1983,82,"3,715","2,4766666667","0,438","0,16"
1983,86,"0,098","0,0653333333","0,012","0,01"
1983,87,"0,338","0,2253333333","0,108","0,012"
1983,bag,"355,5023539304","237,0015692869","38,8263093469","14,5398435667"
1983,FRF_ADOU,"87,2266183027","58,1510788685","11,2985033242","0,715567853"
1983,FRF_CHAR,"14,0202745405","9,3468496937","2,8309984357","0,3244282362"
1983,FRF_DORD,"45,8964763395","30,597650893","3,4038408291","0,9139949159"
1983,FRF_GARO,"81,0731392257","54,0487594838","13,0484184591","10,6339972624"
1983,FRF_LITT,"28,0364587407","18,6909724938","0,5821349237","0,2389996089"
1983,FRF_LOT,"17,6794278451","11,7862852301","1,2261427454","0,3075713727"
1983,FRF_TARN,"61,5896597575","41,0597731717","6,0469976535","1,3572854908"
1984,09,"9,9474387955","6,6316258636","0,6140019554","0,1770007822"
1984,12,"12,976","8,6506666667","1,352","0,343"
1984,15,"6,712","4,4746666667","0,597","0,226"
1984,16,"10,403587016","6,9357246774","2,1667156824","0,1591431365"
1984,17,"3,9061544779","2,6041029853","0,4042858819","0,1474286273"
1984,19,"10,5535479077","7,0356986051","0,8301439187","0,1982858819"
1984,24,"21,2949589363","14,1966392908","1,3401579977","0,3042905749"
1984,31,"36,6034622605","24,4023081736","8,5231497849","2,0221447008"
1984,32,"6,439","4,2926666667","0,599","0,127"
1984,33,"27,8876738365","18,5917825577","2,6772870551","8,0814286273"
1984,40,"68,2787297614","45,5191531743","6,5970676574","0,3650035197"
1984,46,"3,637","2,4246666667","0,462","0,201"
1984,47,"17,2568588189","11,504572546","1,1658572546","0,5932858819"
1984,48,"1,925","1,2833333333","0,217","0,09"
1984,63,"0,291","0,194","0,013","0,008"
1984,64,"18,4487950724","12,2991967149","2,7028576457","0,3334286273"
1984,65,"3,494","2,3293333333","2,079","0,181"
1984,79,"0,287","0,1913333333","0,307","0,014"
1984,81,"45,0353402425","30,0235601616","4,4060023465","0,7017145092"
1984,82,"3,715","2,4766666667","0,438","0,16"
1984,86,"0,098","0,0653333333","0,012","0,01"
1984,87,"0,338","0,2253333333","0,108","0,012"
1984,bag,"341,4416460696","227,6277640464","38,1566906531","14,5051564333"
1984,FRF_ADOU,"81,8713816973","54,5809211315","10,7594966758","0,706432147"
1984,FRF_CHAR,"13,6267254595","9,0844836397","2,8270015643","0,3235717638"
1984,FRF_DORD,"44,1935236605","29,462349107","3,3621591709","0,9010050841"
1984,FRF_GARO,"78,5088607743","52,3392405162","13,0225815409","10,6270027376"
1984,FRF_LITT,"26,6535412593","17,7690275062","0,5618650763","0,2380003911"
1984,FRF_LOT,"17,6775721549","11,7850481032","1,2258572546","0,3074286273"
1984,FRF_TARN,"60,7203402425","40,4802268283","6,0410023465","1,3567145092"
1985,09,"9,5552448181","6,3701632121","0,6089921783","0,1749968713"
1985,12,"12,976","8,6506666667","1,352","0,343"
1985,15,"6,712","4,4746666667","0,597","0,226"
1985,16,"9,9976519359","6,6651012906","2,1631372702","0,158427454"
1985,17,"3,8763820884","2,5842547256","0,4038564724","0,1472854908"
1985,19,"10,2478083692","6,8318722461","0,8274243254","0,1978564724"
1985,24,"19,936164255","13,29077617","1,3013680094","0,2918377004"
1985,31,"34,6871509582","23,1247673054","8,5054008604","2,0174211967"
1985,32,"6,439","4,2926666667","0,599","0,127"
1985,33,"27,6253046539","18,4168697693","2,6738517794","8,0812854908"
1985,40,"63,1150809542","42,0767206362","6,0577293704","0,355985921"
1985,46,"3,637","2,4246666667","0,462","0,201"
1985,47,"17,2525647243","11,5017098162","1,1655709816","0,5928564724"
1985,48,"1,925","1,2833333333","0,217","0,09"
1985,63,"0,291","0,194","0,013","0,008"
1985,64,"18,2418197106","12,1612131404","2,7015694173","0,3332854908"
1985,65,"3,494","2,3293333333","2,079","0,181"
1985,79,"0,287","0,1913333333","0,307","0,014"
1985,81,"44,1636390301","29,4424260201","4,399990614","0,7011419632"
1985,82,"3,715","2,4766666667","0,438","0,16"
1985,86,"0,098","0,0653333333","0,012","0,01"
1985,87,"0,338","0,2253333333","0,108","0,012"
1985,bag,"327,3424157215","218,2282771477","37,4852373876","14,4703742667"
1985,FRF_ADOU,"76,5014732108","51,0009821405","10,2190132968","0,6972714118"
1985,FRF_CHAR,"13,2320981619","8,8213987746","2,8229937427","0,3227129449"
1985,FRF_DORD,"42,4859053578","28,3239369052","3,3203633164","0,8879796637"
1985,FRF_GARO,"75,9375569026","50,6250379351","12,9966738365","10,6199890497"
1985,FRF_LITT,"25,2668349628","16,8445566419","0,541539695","0,2369984357"
1985,FRF_LOT,"17,6757113805","11,783807587","1,2255709816","0,3072854908"
1985,FRF_TARN,"59,8486390301","39,8990926867","6,034990614","1,3561419632"
1986,09,"9,1641224091","6,1094149394","0,6039960892","0,1729984357"
1986,12,"12,976","8,6506666667","1,352","0,343"
1986,15,"6,712","4,4746666667","0,597","0,226"
1986,16,"9,5928259679","6,395217312","2,1595686351","0,157713727"
1986,17,"3,8466910442","2,5644606961","0,4034282362","0,1471427454"
1986,19,"9,9429041846","6,6286027897","0,8247121627","0,1974282362"
1986,24,"18,5810821275","12,387388085","1,2626840047","0,2794188502"
1986,31,"32,7760754791","21,8507169861","8,4877004302","2,0127105984"
1986,32,"6,439","4,2926666667","0,599","0,127"
1986,33,"27,3636523269","18,2424348846","2,6704258897","8,0811427454"
1986,40,"57,9655404771","38,6436936514","5,5198646852","0,3469929605"
1986,46,"3,637","2,4246666667","0,462","0,201"
1986,47,"17,2482823621","11,4988549081","1,1652854908","0,5924282362"
1986,48,"1,925","1,2833333333","0,217","0,09"
1986,63,"0,291","0,194","0,013","0,008"
1986,64,"18,0354098553","12,0236065702","2,7002847086","0,3331427454"
1986,65,"3,494","2,3293333333","2,079","0,181"
1986,79,"0,287","0,1913333333","0,307","0,014"
1986,81,"43,2943195151","28,8628796767","4,393995307","0,7005709816"
1986,82,"3,715","2,4766666667","0,438","0,16"
1986,86,"0,098","0,0653333333","0,012","0,01"
1986,87,"0,338","0,2253333333","0,108","0,012"
1986,bag,"313,2817078608","208,8544719072","36,8156186938","14,4356871334"
1986,FRF_ADOU,"71,1462366054","47,4308244036","9,6800066484","0,6881357059"
1986,FRF_CHAR,"12,838549081","8,5590327206","2,8189968713","0,3218564724"
1986,FRF_DORD,"40,7829526789","27,1886351193","3,2786816582","0,8749898318"
1986,FRF_GARO,"73,3732784513","48,9155189675","12,9708369183","10,6129945248"
1986,FRF_LITT,"23,8839174814","15,9226116543","0,5212698475","0,2359992178"
1986,FRF_LOT,"17,6738556903","11,7825704602","1,2252854908","0,3071427454"
1986,FRF_TARN,"58,9793195151","39,3195463434","6,028995307","1,3555709816"
1987,09,"8,773","5,8486666667","0,599","0,171"
1987,12,"12,976","8,6506666667","1,352","0,343"
1987,15,"6,712","4,4746666667","0,597","0,226"
1987,16,"9,188","6,1253333333","2,156","0,157"
1987,17,"3,817","2,5446666667","0,403","0,147"
1987,19,"9,638","6,4253333333","0,822","0,197"
1987,24,"17,226","11,484","1,224","0,267"
1987,31,"30,865","20,5766666667","8,47","2,008"
1987,32,"6,439","4,2926666667","0,599","0,127"
1987,33,"27,102","18,068","2,667","8,081"
1987,40,"52,816","35,2106666667","4,982","0,338"
1987,46,"3,637","2,4246666667","0,462","0,201"
1987,47,"17,244","11,496","1,165","0,592"
1987,48,"1,925","1,2833333333","0,217","0,09"
1987,63,"0,291","0,194","0,013","0,008"
1987,64,"17,829","11,886","2,699","0,333"
1987,65,"3,494","2,3293333333","2,079","0,181"
1987,79,"0,287","0,1913333333","0,307","0,014"
1987,81,"42,425","28,2833333333","4,388","0,7"
1987,82,"3,715","2,4766666667","0,438","0,16"
1987,86,"0,098","0,0653333333","0,012","0,01"
1987,87,"0,338","0,2253333333","0,108","0,012"
1987,bag,"299,221","199,4806666667","36,146","14,401"
1987,FRF_ADOU,"65,791","43,8606666667","9,141","0,679"
1987,FRF_CHAR,"12,445","8,2966666667","2,815","0,321"
1987,FRF_DORD,"39,08","26,0533333333","3,237","0,862"
1987,FRF_GARO,"70,809","47,206","12,945","10,606"
1987,FRF_LITT,"22,501","15,0006666667","0,501","0,235"
1987,FRF_LOT,"17,672","11,7813333333","1,225","0,307"
1987,FRF_TARN,"58,11","38,74","6,023","1,355"
1988,09,"9,49","6,3266666667","0,633","0,187"
1988,12,"10,651","7,1006666667","1,165","0,344"
1988,15,"6,176","4,1173333333","0,529","0,166"
1988,16,"20,582","13,7213333333","4,321","0,288"
1988,17,"15,787","10,5246666667","0,776","0,295"
1988,19,"9,912","6,608","0,799","0,24"
1988,24,"19,238","12,8253333333","1,187","0,293"
1988,31,"30,045","20,03","6,373","1,855"
1988,32,"8,296","5,5306666667","0,654","0,155"
1988,33,"33,895","22,5966666667","2,638","2,818"
1988,40,"59,34","39,56","6,254","0,363"
1988,46,"3,024","2,016","0,374","0,282"
1988,47,"15,803","10,5353333333","1,023","0,606"
1988,48,"2,059","1,3726666667","0,196","0,09"
1988,63,"0,331","0,2206666667","0,016","0,007"
1988,64,"17,981","11,9873333333","2,299","0,388"
1988,65,"3,323","2,2153333333","0,929","0,205"
1988,79,"0,384","0,256","0,362","0,018"
1988,81,"40,142","26,7613333333","4,693","0,44"
1988,82,"6,729","4,486","0,612","0,285"
1988,86,"0,306","0,204","0,03","0,024"
1988,87,"0,296","0,1973333333","0,093","0,01"
1988,bag,"339,649","226,4326666667","36,326","9,413"
1988,FRF_ADOU,"75,058","50,0386666667","8,839","0,778"
1988,FRF_CHAR,"29,801","19,8673333333","5,142","0,554"
1988,FRF_DORD,"43,315","28,8766666667","3,419","1,038"
1988,FRF_GARO,"77,938","51,9586666667","10,682","5,423"
1988,FRF_LITT,"27,024","18,016","0,726","0,286"
1988,FRF_LOT,"14,936","9,9573333333","0,938","0,265"
1988,FRF_TARN,"56,468","37,6453333333","6,332","1,022"
1989,09,"9,141","6,094","0,62","0,181"
1989,12,"12,851","8,5673333333","1,193","0,358"
1989,15,"6,209","4,1393333333","0,517","0,184"
1989,16,"19,161","12,774","2,249","0,261"
1989,17,"13,187","8,7913333333","0,709","0,224"
1989,19,"11,639","7,7593333333","0,986","0,278"
1989,24,"18,023","12,0153333333","1,022","0,295"
1989,31,"28,373","18,9153333333","5,938","1,913"
1989,32,"7,298","4,8653333333","0,661","0,179"
1989,33,"28,531","19,0206666667","2,627","4,122"
1989,40,"61,201","40,8006666667","6,595","0,408"
1989,46,"3,227","2,1513333333","0,369","0,537"
1989,47,"22,046","14,6973333333","1,369","0,733"
1989,48,"1,791","1,194","0,176","0,096"
1989,63,"0,184","0,1226666667","0,008","0,003"
1989,64,"18,598","12,3986666667","2,333","0,458"
1989,65,"3,083","2,0553333333","0,849","0,225"
1989,79,"0,246","0,164","0,177","0,013"
1989,81,"42,41","28,2733333333","4,413","0,421"
1989,82,"6,125","4,0833333333","0,472","0,189"
1989,86,"0,104","0,0693333333","0,01","0,013"
1989,87,"0,385","0,2566666667","0,13","0,014"
1989,bag,"344,281","229,5206666667","33,733","11,138"
1989,FRF_ADOU,"73,668","49,112","9,189","0,885"
1989,FRF_CHAR,"28,49","18,9933333333","2,892","0,447"
1989,FRF_DORD,"43,52","29,0133333333","3,359","1,341"
1989,FRF_GARO,"71,715","47,81","10,283","6,839"
1989,FRF_LITT,"29,254","19,5026666667","0,726","0,344"
1989,FRF_LOT,"20,362","13,5746666667","1,169","0,359"
1989,FRF_TARN,"59,82","39,88","5,908","0,901"
1990,09,"8,837","5,8913333333","0,578","0,179"
1990,12,"11,54","7,6933333333","1,233","0,348"
1990,15,"6,273","4,182","0,42","0,21"
1990,16,"19,309","12,8726666667","1,864","0,292"
1990,17,"11,84","7,8933333333","0,58","0,185"
1990,19,"11,412","7,608","0,799","0,251"
1990,24,"17,831","11,8873333333","0,992","0,29"
1990,31,"26,961","17,974","6,287","2,221"
1990,32,"6,701","4,4673333333","0,732","0,2"
1990,33,"30,703","20,4686666667","2,948","2,251"
1990,40,"58,092","38,728","6,544","0,4"
1990,46,"3,657","2,438","0,405","1,654"
1990,47,"14,696","9,7973333333","1,155","0,336"
1990,48,"1,636","1,0906666667","0,174","0,103"
1990,63,"0,244","0,1626666667","0,015","0,008"
1990,64,"19,216","12,8106666667","2,494","0,422"
1990,65,"2,774","1,8493333333","0,799","0,098"
1990,79,"0,193","0,1286666667","0,152","0,01"
1990,81,"40,667","27,1113333333","4,374","0,42"
1990,82,"5,157","3,438","0,441","0,175"
1990,86,"0,4","0,2666666667","0,042","0,027"
1990,87,"0,287","0,1913333333","0,106","0,012"
1990,bag,"329,031","219,354","33,445","10,129"
1990,FRF_ADOU,"71,474","47,6493333333","9,418","0,748"
1990,FRF_CHAR,"28,077","18,718","2,461","0,485"
1990,FRF_DORD,"43,439","28,9593333333","3,024","2,418"
1990,FRF_GARO,"69,218","46,1453333333","10,77","4,952"
1990,FRF_LITT,"27,995","18,6633333333","0,674","0,323"
1990,FRF_LOT,"15,851","10,5673333333","1,048","0,339"
1990,FRF_TARN,"55,75","37,1666666667","5,846","0,843"
1991,09,"8,099","5,3993333333","0,579","0,174"
1991,12,"13,386","8,924","1,656","0,724"
1991,15,"6,518","4,3453333333","0,438","0,188"
1991,16,"19,103","12,7353333333","1,702","0,257"
1991,17,"13,296","8,864","0,586","0,204"
1991,19,"13,619","9,0793333333","0,94","0,278"
1991,24,"18,164","12,1093333333","1,069","0,316"
1991,31,"26,941","17,9606666667","7,098","1,726"
1991,32,"4,812","3,208","0,565","0,15"
1991,33,"33,377","22,2513333333","2,787","1,44"
1991,40,"69,453","46,302","6,315","0,775"
1991,46,"3,605","2,4033333333","0,398","0,513"
1991,47,"13,917","9,278","1,141","0,597"
1991,48,"2,091","1,394","0,215","0,186"
1991,63,"0,218","0,1453333333","0,014","0,008"
1991,64,"13,076","8,7173333333","2,002","0,395"
1991,65,"3,075","2,05","0,458","0,103"
1991,79,"0,152","0,1013333333","0,143","0,01"
1991,81,"31,534","21,0226666667","3,724","0,351"
1991,82,"5,847","3,898","0,403","0,284"
1991,86,"0,348","0,232","0,065","0,025"
1991,87,"0,281","0,1873333333","0,097","0,013"
1991,bag,"328,744","219,1626666667","32,769","8,763"
1991,FRF_ADOU,"77,215","51,4766666667","8,45","1,023"
1991,FRF_CHAR,"27,991","18,6606666667","2,238","0,445"
1991,FRF_DORD,"48,328","32,2186666667","3,29","1,33"
1991,FRF_GARO,"69,572","46,3813333333","11,369","3,848"
1991,FRF_LITT,"26,67","17,78","0,663","0,389"
1991,FRF_LOT,"13,604","9,0693333333","0,917","0,31"
1991,FRF_TARN,"48,986","32,6573333333","5,574","1,368"
1992,09,"8,523","5,682","0,53","0,172"
1992,12,"4,299","2,866","0,379","0,515"
1992,15,"1,942","1,2946666667","0,141","0,094"
1992,16,"13,831","9,2206666667","1,89","0,142"
1992,17,"6,497","4,3313333333","0,226","0,11"
1992,19,"3,318","2,212","0,133","0,055"
1992,24,"14,467","9,6446666667","0,794","0,282"
1992,31,"24,241","16,1606666667","4,15","1,464"
1992,32,"1,448","0,9653333333","0,069","0,025"
1992,33,"20,092","13,3946666667","1,772","0,859"
1992,40,"35,995","23,9966666667","2,206","0,54"
1992,46,"1,637","1,0913333333","0,135","0,036"
1992,47,"8,613","5,742","0,433","0,35"
1992,48,"0,146","0,0973333333","0,029",NA
1992,63,"0,255","0,17","0,016","0,009"
1992,64,"8,478","5,652","1,535","0,259"
1992,65,"0,989","0,6593333333","0,15","0,037"
1992,79,"0,257","0,1713333333","0,282","0,015"
1992,81,"22,28","14,8533333333","2,786","0,205"
1992,82,"1,193","0,7953333333","0,16","0,106"
1992,86,"0,302","0,2013333333","0,037","0,024"
1992,87,"0,121","0,0806666667","0,007","0,003"
1992,bag,"189,088","126,0586666667","17,959","5,321"
1992,FRF_ADOU,"35,952","23,968","3,533","0,578"
1992,FRF_CHAR,"18,399","12,266","2,292","0,267"
1992,FRF_DORD,"27,738","18,492","1,48","0,488"
1992,FRF_GARO,"48,148","32,0986666667","6,525","2,729"
1992,FRF_LITT,"23,094","15,396","0,492","0,323"
1992,FRF_LOT,"8,407","5,6046666667","0,381","0,221"
1992,FRF_TARN,"27,081","18,054","3,23","0,695"
1993,09,"5,434","3,6226666667","0,413","0,117"
1993,12,"3,084","2,056","0,252","0,418"
1993,15,"1,749","1,166","0,094","0,128"
1993,16,"12,411","8,274","2,078","0,187"
1993,17,"7,773","5,182","0,206","0,094"
1993,19,"3,316","2,2106666667","0,072","0,048"
1993,24,"12,299","8,1993333333","0,558","0,227"
1993,31,"14,428","9,6186666667","3,168","0,624"
1993,32,"3,475","2,3166666667","0,139","0,038"
1993,33,"28,058","18,7053333333","2,226","0,473"
1993,40,"38,176","25,4506666667","3,443","0,678"
1993,46,"1,311","0,874","0,066","0,023"
1993,47,"7,74","5,16","0,32","0,29"
1993,48,"0,117","0,078","0,028",NA
1993,63,"0,534","0,356","0,029","0,014"
1993,64,"7,339","4,8926666667","1,613","0,157"
1993,65,"0,714","0,476","0,123","0,027"
1993,79,"0,198","0,132","0,183","0,013"
1993,81,"26,066","17,3773333333","3,242","0,206"
1993,82,"2,185","1,4566666667","0,157","0,199"
1993,86,"0,169","0,1126666667","0,026","0,038"
1993,87,"0,115","0,0766666667","0,006","0,002"
1993,bag,"184,116","122,744","18,531","4,014"
1993,FRF_ADOU,"39,218","26,1453333333","4,866","0,631"
1993,FRF_CHAR,"17,002","11,3346666667","2,349","0,305"
1993,FRF_DORD,"26,603","17,7353333333","1,145","0,443"
1993,FRF_GARO,"41,963","27,9753333333","5,818","1,416"
1993,FRF_LITT,"20,408","13,6053333333","0,415","0,315"
1993,FRF_LOT,"7,464","4,976","0,302","0,207"
1993,FRF_TARN,"31,173","20,782","3,603","0,69"
1994,09,"5,851","3,9006666667","0,478","0,133"
1994,12,"0,604","0,4026666667","0,055","0,113"
1994,15,"1,49","0,9933333333","0,085","0,084"
1994,16,"11,019","7,346","2,477","0,144"
1994,17,"5,702","3,8013333333","0,175","0,073"
1994,19,"2,094","1,396","0,071","0,034"
1994,24,"10,016","6,6773333333","0,615","0,233"
1994,31,"10,109","6,7393333333","2,354","1,744"
1994,32,"1,707","1,138","0,092","0,024"
1994,33,"22,215","14,81","1,595","0,299"
1994,40,"21,073","14,0486666667","1,085","0,29"
1994,46,"1,456","0,9706666667","0,068","0,013"
1994,47,"8,315","5,5433333333","0,304","0,042"
1994,48,"0,089","0,0593333333","0,037","0,001"
1994,63,"0,27","0,18","0,029","0,02"
1994,64,"11,011","7,3406666667","1,204","0,217"
1994,65,"1,32","0,88","0,189","0,05"
1994,79,"0,234","0,156","0,278","0,013"
1994,81,"20,181","13,454","1,737","0,165"
1994,82,"0,856","0,5706666667","0,07","0,157"
1994,86,"0,287","0,1913333333","0,053","0,071"
1994,87,"0,125","0,0833333333","0,007","0,003"
1994,bag,"143,274","95,516","13,158","3,934"
1994,FRF_ADOU,"26,477","17,6513333333","2,184","0,475"
1994,FRF_CHAR,"15,088","10,0586666667","2,895","0,276"
1994,FRF_DORD,"21,481","14,3206666667","1,265","0,408"
1994,FRF_GARO,"32,18","21,4533333333","4,291","2,039"
1994,FRF_LITT,"17,98","11,9866666667","0,337","0,115"
1994,FRF_LOT,"8,106","5,404","0,327","0,17"
1994,FRF_TARN,"21,718","14,4786666667","1,84","0,445"
1995,09,"6,474","4,316","0,501","0,122"
1995,12,"0,501","0,334","0,043","0,13"
1995,15,"1,676","1,1173333333","0,115","0,179"
1995,16,"10,411","6,9406666667","1,097","0,14"
1995,17,"4,632","3,088","0,153","0,144"
1995,19,"1,625","1,0833333333","0,069","0,016"
1995,24,"9,694","6,4626666667","0,568","0,239"
1995,31,"10,327","6,8846666667","2,215","1,055"
1995,32,"1,546","1,0306666667","0,057","0,01"
1995,33,"21,231","14,154","1,468","0,298"
1995,40,"28,398","18,932","2,218","0,643"
1995,46,"1,736","1,1573333333","0,084","0,072"
1995,47,"7,181","4,7873333333","0,26","0,033"
1995,48,"0,154","0,1026666667","0,011","0,001"
1995,63,"0,249","0,166","0,018","0,016"
1995,64,"10,003","6,6686666667","1,325","0,213"
1995,65,"1,312","0,8746666667","0,259","0,057"
1995,79,"0,213","0,142","0,263","0,012"
1995,81,"19,702","13,1346666667","1,645","0,146"
1995,82,"0,993","0,662","0,122","0,067"
1995,86,"0,171","0,114","0,011","0,017"
1995,87,"0,05","0,0333333333","0,003","0,002"
1995,bag,"147,57","98,38","12,612","3,627"
1995,FRF_ADOU,"32,954","21,9693333333","3,423","0,806"
1995,FRF_CHAR,"13,741","9,1606666667","1,453","0,251"
1995,FRF_DORD,"19,961","13,3073333333","1,146","0,583"
1995,FRF_GARO,"33,218","22,1453333333","4,167","1,335"
1995,FRF_LITT,"19,216","12,8106666667","0,373","0,143"
1995,FRF_LOT,"6,889","4,5926666667","0,237","0,182"
1995,FRF_TARN,"21,335","14,2233333333","1,795","0,321"
1996,09,"6,673","4,4486666667","0,503","0,121"
1996,12,"0,306","0,204","0,032","0,134"
1996,15,"1,108","0,7386666667","0,083","0,106"
1996,16,"12,324","8,216","0,713","0,119"
1996,17,"3,411","2,274","0,136","0,06"
1996,19,"2,239","1,4926666667","0,075","0,038"
1996,24,"10,625","7,0833333333","0,712","0,238"
1996,31,"6,998","4,6653333333","2,317","0,512"
1996,32,"0,991","0,6606666667","0,028","0,005"
1996,33,"20,286","13,524","0,984","0,161"
1996,40,"26,672","17,7813333333","2,374","0,53"
1996,46,"1,64","1,0933333333","0,08","0,148"
1996,47,"4,478","2,9853333333","0,183","0,024"
1996,48,"0,088","0,0586666667","0,004","0,001"
1996,63,"0,262","0,1746666667","0,021","0,016"
1996,64,"9,329","6,2193333333","1,681","0,153"
1996,65,"1,549","1,0326666667","0,212","0,063"
1996,79,"0,209","0,1393333333","0,235","0,007"
1996,81,"16,172","10,7813333333","1,307","0,138"
1996,82,"0,661","0,4406666667","0,06","0,047"
1996,86,"0,204","0,136","0,013","0,019"
1996,87,"0,056","0,0373333333","0,004","0,002"
1996,bag,"135,353","90,2353333333","11,897","2,657"
1996,FRF_ADOU,"30,292","20,1946666667","3,648","0,655"
1996,FRF_CHAR,"14,449","9,6326666667","1,023","0,165"
1996,FRF_DORD,"21,615","14,41","1,262","0,588"
1996,FRF_GARO,"26,575","17,7166666667","3,708","0,747"
1996,FRF_LITT,"20,209","13,4726666667","0,698","0,12"
1996,FRF_LOT,"4,691","3,1273333333","0,154","0,179"
1996,FRF_TARN,"17,269","11,5126666667","1,387","0,196"
1997,09,"6,576","4,384","0,415","0,128"
1997,12,"0,969","0,646","0,043","0,169"
1997,15,"1,021","0,6806666667","0,089","0,092"
1997,16,"11,208","7,472","0,86","0,075"
1997,17,"3,445","2,2966666667","0,11","0,024"
1997,19,"3,645","2,43","0,097","0,019"
1997,24,"10,935","7,29","0,477","0,215"
1997,31,"8,917","5,9446666667","2,326","0,207"
1997,32,"1,193","0,7953333333","0,038","0,01"
1997,33,"29,623","19,7486666667","0,926","0,194"
1997,40,"20,635","13,7566666667","2,31","0,473"
1997,46,"2,308","1,5386666667","0,074","0,122"
1997,47,"5,967","3,978","0,275","0,029"
1997,48,"0,07","0,0466666667","0,008","0,006"
1997,63,"0,231","0,154","0,017","0,015"
1997,64,"9,934","6,6226666667","2,712","0,203"
1997,65,"1,509","1,006","0,184","0,028"
1997,79,"0,282","0,188","0,374","0,012"
1997,81,"14,823","9,882","1,293","0,181"
1997,82,"0,928","0,6186666667","0,067","0,042"
1997,86,"0,193","0,1286666667","0,023","0,04"
1997,87,"0,077","0,0513333333","0,005","0,002"
1997,bag,"141,585","94,39","12,882","2,299"
1997,FRF_ADOU,"27,811","18,5406666667","4,593","0,606"
1997,FRF_CHAR,"13,431","8,954","1,3","0,142"
1997,FRF_DORD,"26,297","17,5313333333","1,075","0,475"
1997,FRF_GARO,"31,999","21,3326666667","3,579","0,508"
1997,FRF_LITT,"18,26","12,1733333333","0,733","0,128"
1997,FRF_LOT,"6,54","4,36","0,186","0,207"
1997,FRF_TARN,"16,969","11,3126666667","1,397","0,223"
1998,09,"7,685","5,1233333333","0,573","0,065"
1998,12,"1,074","0,716","0,06","0,052"
1998,15,"1,118","0,7453333333","0,121","0,113"
1998,16,"10,972","7,3146666667","0,96","0,08"
1998,17,"3,047","2,0313333333","0,085","0,026"
1998,19,"2,415","1,61","0,082","0,023"
1998,24,"10,009","6,6726666667","0,475","0,198"
1998,31,"8,65","5,7666666667","2,107","0,224"
1998,32,"1,293","0,862","0,057","0,01"
1998,33,"27,124","18,0826666667","0,895","0,178"
1998,40,"18,281","12,1873333333","2,755","0,51"
1998,46,"2,453","1,6353333333","0,073","0,022"
1998,47,"6,413","4,2753333333","0,234","0,028"
1998,48,"0,132","0,088","0,01","0,005"
1998,63,"0,24","0,16","0,021","0,017"
1998,64,"7,797","5,198","1,17","0,203"
1998,65,"1,664","1,1093333333","0,262","0,038"
1998,79,"0,124","0,0826666667","0,19","0,005"
1998,81,"11,169","7,446","1,487","0,137"
1998,82,"0,945","0,63","0,068","0,039"
1998,86,"0,17","0,1133333333","0,011","0,041"
1998,87,"0,083","0,0553333333","0,007","0,002"
1998,bag,"129,197","86,1313333333","11,814","2,026"
1998,FRF_ADOU,"25,468","16,9786666667","3,145","0,582"
1998,FRF_CHAR,"12,487","8,3246666667","1,188","0,146"
1998,FRF_DORD,"24,633","16,422","1,046","0,381"
1998,FRF_GARO,"31,722","21,148","3,533","0,442"
1998,FRF_LITT,"14,319","9,546","1,109","0,178"
1998,FRF_LOT,"7,13","4,7533333333","0,156","0,084"
1998,FRF_TARN,"13,014","8,676","1,609","0,181"
1999,09,"5,424","3,616","0,405","0,066"
1999,12,"0,988","0,6586666667","0,067","0,047"
1999,15,"0,794","0,5293333333","0,135","0,104"
1999,16,"10,645","7,0966666667","1,066","0,115"
1999,17,"2,724","1,816","0,11","0,027"
1999,19,"2,854","1,9026666667","0,064","0,021"
1999,24,"9,685","6,4566666667","0,4","0,154"
1999,31,"8,715","5,81","2,065","0,321"
1999,32,"1,798","1,1986666667","0,065","0,014"
1999,33,"20,971","13,9806666667","0,958","0,197"
1999,40,"21,192","14,128","2,138","1,825"
1999,46,"1,802","1,2013333333","0,063","0,033"
1999,47,"6,627","4,418","0,304","0,058"
1999,48,"0,323","0,2153333333","0,022","0,017"
1999,63,"0,266","0,1773333333","0,023","0,018"
1999,64,"7,948","5,2986666667","1,183","0,239"
1999,65,"1,4","0,9333333333","0,33","0,039"
1999,79,"0,12","0,08","0,162","0,004"
1999,81,"10,207","6,8046666667","1,694","0,131"
1999,82,"0,971","0,6473333333","0,049","0,054"
1999,86,"0,179","0,1193333333","0,008","0,031"
1999,87,"0,145","0,0966666667","0,006","0,002"
1999,bag,"121,282","80,8546666667","11,386","3,527"
1999,FRF_ADOU,"28,09","18,7266666667","2,902","1,83"
1999,FRF_CHAR,"12,123","8,082","1,261","0,168"
1999,FRF_DORD,"22,864","15,2426666667","1,001","0,341"
1999,FRF_GARO,"25,929","17,286","3,449","0,577"
1999,FRF_LITT,"13,189","8,7926666667","0,729","0,243"
1999,FRF_LOT,"6,633","4,422","0,216","0,118"
1999,FRF_TARN,"12,079","8,0526666667","1,807","0,185"
2000,09,"1,464","0,976","0,082","0,01"
2000,12,"0,577","0,3846666667","0,059","0,042"
2000,15,"1,027","0,6846666667","0,115","0,094"
2000,16,"10,283","6,8553333333","1,138","0,157"
2000,17,"1,995","1,33","0,148","0,041"
2000,19,"2,592","1,728","0,062","0,031"
2000,24,"10,937","7,2913333333","0,317","0,09"
2000,31,"7,837","5,2246666667","2,295","0,269"
2000,32,"1,814","1,2093333333","0,079","0,014"
2000,33,"18,993","12,662","0,881","0,178"
2000,40,"18,358","12,2386666667","3,05","0,935"
2000,46,"1,889","1,2593333333","0,066","0,019"
2000,47,"7,232","4,8213333333","0,271","0,06"
2000,48,"0,138","0,092","0,014","0,009"
2000,63,"0,316","0,2106666667","0,025","0,018"
2000,64,"5,746","3,8306666667","1,021","0,335"
2000,65,"1,294","0,8626666667","0,337","0,052"
2000,79,"0,182","0,1213333333","0,279","0,007"
2000,81,"7,976","5,3173333333","1,575","0,114"
2000,82,"0,819","0,546","0,043","0,042"
2000,86,"0,112","0,0746666667","0,001","0,003"
2000,87,"0,143","0,0953333333","0,006","0,002"
2000,bag,"121,546","81,0306666667","12,075","2,542"
2000,FRF_ADOU,"23,637","15,758","3,765","1,103"
2000,FRF_CHAR,"11,246","7,4973333333","1,489","0,19"
2000,FRF_DORD,"23,053","15,3686666667","0,876","0,271"
2000,FRF_GARO,"21,122","14,0813333333","3,188","0,436"
2000,FRF_LITT,"10,009","6,6726666667","0,702","0,213"
2000,FRF_LOT,"7,415","4,9433333333","0,217","0,102"
2000,FRF_TARN,"9,224","6,1493333333","1,672","0,157"
2001,09,"1,394","0,9293333333","0,076","0,01"
2001,11,"0,006","0,004","0,001",NA
2001,12,"0,484","0,3226666667","0,076","0,044"
2001,15,"1,008","0,672","0,086","0,132"
2001,16,"10,865","7,2433333333","1,076","0,158"
2001,17,"1,735","1,1566666667","0,233","0,052"
2001,19,"1,994","1,3293333333","0,051","0,046"
2001,24,"10,891","7,2606666667","0,335","0,082"
2001,31,"8,742","5,828","1,517","0,234"
2001,32,"1,373","0,9153333333","0,09","0,019"
2001,33,"16,76","11,1733333333","0,946","0,361"
2001,40,"18,465","12,31","1,999","0,787"
2001,46,"1,837","1,2246666667","0,067","0,022"
2001,47,"6,114","4,076","0,257","0,05"
2001,48,"0,115","0,0766666667","0,011","0,015"
2001,63,"0,301","0,2006666667","0,03","0,023"
2001,64,"5,342","3,5613333333","0,969","0,392"
2001,65,"1,278","0,852","0,338","0,063"
2001,79,"0,72","0,48","0,05","0,013"
2001,81,"6,868","4,5786666667","1,809","0,114"
2001,82,"0,685","0,4566666667","0,039","0,04"
2001,86,"0,139","0,0926666667","0,006","0,027"
2001,87,"0,157","0,1046666667","0,007","0,002"
2001,bag,"114,064","76,0426666667","10,231","2,726"
2001,FRF_ADOU,"24,326","16,2173333333","2,661","1,081"
2001,FRF_CHAR,"12,179","8,1193333333","1,278","0,231"
2001,FRF_DORD,"21,104","14,0693333333","0,949","0,442"
2001,FRF_GARO,"21,173","14,1153333333","2,35","0,443"
2001,FRF_LITT,"8,699","5,7993333333","0,795","0,221"
2001,FRF_LOT,"6,039","4,026","0,168","0,1"
2001,FRF_TARN,"8,055","5,37","1,927","0,16"
2002,09,"1,328","0,8853333333","0,068","0,013"
2002,11,"0,002","0,0013333333",NA,NA
2002,12,"0,473","0,3153333333","0,064","0,045"
2002,15,"1,377","0,918","0,168","0,097"
2002,16,"10,471","6,9806666667","1,366","0,114"
2002,17,"1,556","1,0373333333","0,225","0,074"
2002,19,"2,025","1,35","0,065","0,009"
2002,24,"8,151","5,434","0,401","0,087"
2002,31,"7,269","4,846","0,991","0,258"
2002,32,"1,051","0,7006666667","0,12","0,023"
2002,33,"12,558","8,372","0,97","0,351"
2002,40,"18,134","12,0893333333","1,975","0,79"
2002,46,"1,298","0,8653333333","0,054","0,016"
2002,47,"6,503","4,3353333333","0,309","0,062"
2002,48,"0,091","0,0606666667","0,015","0,012"
2002,63,"0,271","0,1806666667","0,027","0,021"
2002,64,"3,822","2,548","0,941","0,305"
2002,65,"1,379","0,9193333333","0,379","0,063"
2002,79,"0,75","0,5","0,125","0,014"
2002,81,"4,443","2,962","1,713","0,093"
2002,82,"0,643","0,4286666667","0,043","0,04"
2002,86,"0,165","0,11","0,007","0,026"
2002,87,"0,074","0,0493333333","0,001",NA
2002,bag,"101,641","67,7606666667","10,195","2,554"
2002,FRF_ADOU,"21,828","14,552","2,588","1,042"
2002,FRF_CHAR,"11,836","7,8906666667","1,644","0,212"
2002,FRF_DORD,"16,567","11,0446666667","1,091","0,375"
2002,FRF_GARO,"17,116","11,4106666667","1,925","0,457"
2002,FRF_LITT,"8,907","5,938","0,82","0,17"
2002,FRF_LOT,"6,536","4,3573333333","0,207","0,123"
2002,FRF_TARN,"5,49","3,66","1,809","0,141"
2003,09,"1,352","0,9013333333","0,065","0,008"
2003,11,"0,002","0,0013333333",NA,NA
2003,12,"0,758","0,5053333333","0,076","0,059"
2003,15,"1,144","0,7626666667","0,144","0,097"
2003,16,"6,35","4,2333333333","1,36","0,132"
2003,17,"1,446","0,964","0,141","0,077"
2003,19,"1,402","0,9346666667","0,068","0,027"
2003,24,"6,123","4,082","0,409","0,094"
2003,31,"8,01","5,34","0,21","0,178"
2003,32,"1,05","0,7","0,121","0,03"
2003,33,"10,781","7,1873333333","0,894","0,331"
2003,40,"19,492","12,9946666667","2,199","0,527"
2003,46,"1,114","0,7426666667","0,053","0,042"
2003,47,"6,033","4,022","0,327","0,059"
2003,48,"0,116","0,0773333333","0,017","0,012"
2003,63,"0,27","0,18","0,028","0,021"
2003,64,"3,687","2,458","1,2","0,228"
2003,65,"1,344","0,896","0,299","0,062"
2003,79,"0,839","0,5593333333","0,293","0,015"
2003,81,"3,167","2,1113333333","1,729","0,087"
2003,82,"0,658","0,4386666667","0,052","0,039"
2003,86,"0,165","0,11","0,008","0,031"
2003,87,"0,103","0,0686666667","0,002",NA
2003,bag,"89,022","59,348","9,916","2,189"
2003,FRF_ADOU,"22,342","14,8946666667","3,041","0,704"
2003,FRF_CHAR,"7,649","5,0993333333","1,724","0,237"
2003,FRF_DORD,"13,372","8,9146666667","1,011","0,398"
2003,FRF_GARO,"17,252","11,5013333333","1,093","0,382"
2003,FRF_LITT,"8,655","5,77","0,812","0,17"
2003,FRF_LOT,"5,893","3,9286666667","0,21","0,111"
2003,FRF_TARN,"4,386","2,924","1,845","0,161"
2004,09,"1,125","0,75","0,059","0,017"
2004,11,"0,004","0,0026666667","0,001",NA
2004,12,"0,916","0,6106666667","0,074","0,056"
2004,15,"0,753","0,502","0,071","0,073"
2004,16,"5,134","3,4226666667","1,13","0,116"
2004,17,"1,516","1,0106666667","0,148","0,082"
2004,19,"1,289","0,8593333333","0,072","0,02"
2004,24,"4,553","3,0353333333","0,405","0,087"
2004,31,"8,514","5,676","0,204","0,178"
2004,32,"0,959","0,6393333333","0,121","0,034"
2004,33,"12,899","8,5993333333","0,904","0,3"
2004,40,"19,089","12,726","1,983","0,457"
2004,46,"1,151","0,7673333333","0,058","0,04"
2004,47,"5,81","3,8733333333","0,326","0,05"
2004,48,"0,164","0,1093333333","0,018","0,007"
2004,63,"0,259","0,1726666667","0,033","0,021"
2004,64,"3,184","2,1226666667","0,999","0,251"
2004,65,"1,191","0,794","0,302","0,055"
2004,79,"0,521","0,3473333333","0,129","0,031"
2004,81,"2,834","1,8893333333","1,474","0,082"
2004,82,"0,647","0,4313333333","0,055","0,032"
2004,86,"0,165","0,11","0,009","0,022"
2004,87,"0,113","0,0753333333","0,002","0,001"
2004,bag,"83,414","55,6093333333","8,81","2,041"
2004,FRF_ADOU,"21,994","14,6626666667","2,686","0,594"
2004,FRF_CHAR,"6,209","4,1393333333","1,355","0,235"
2004,FRF_DORD,"12,176","8,1173333333","0,967","0,359"
2004,FRF_GARO,"18,059","12,0393333333","1,027","0,376"
2004,FRF_LITT,"7,376","4,9173333333","0,752","0,184"
2004,FRF_LOT,"6,261","4,174","0,252","0,096"
2004,FRF_TARN,"3,812","2,5413333333","1,581","0,136"
2005,09,"1,111","0,7406666667","0,058","0,018"
2005,11,"0,002","0,0013333333",NA,NA
2005,12,"0,493","0,3286666667","0,076","0,042"
2005,15,"0,962","0,6413333333","0,134","0,057"
2005,16,"4,5",3,"1,15","0,119"
2005,17,"1,714","1,1426666667","0,146","0,064"
2005,19,"0,967","0,6446666667","0,074","0,016"
2005,24,"4,078","2,7186666667","0,412","0,083"
2005,31,"7,039","4,6926666667","0,326","0,194"
2005,32,"1,127","0,7513333333","0,131","0,033"
2005,33,"12,35","8,2333333333","0,895","0,331"
2005,40,"19,804","13,2026666667","1,77","0,568"
2005,46,"1,154","0,7693333333","0,055","0,03"
2005,47,"6,306","4,204","0,321","0,06"
2005,48,"0,147","0,098","0,016","0,015"
2005,63,"0,263","0,1753333333","0,033","0,021"
2005,64,"3,36","2,24","0,854","0,201"
2005,65,"1,455","0,97","0,333","0,058"
2005,79,"0,671","0,4473333333","0,163","0,03"
2005,81,"2,481","1,654","1,393","0,083"
2005,82,"0,563","0,3753333333","0,041","0,028"
2005,86,"0,051","0,034","0,016","0,017"
2005,87,"0,052","0,0346666667","0,001",NA
2005,bag,"84,274","56,1826666667","8,728","2,11"
2005,FRF_ADOU,"23,151","15,434","2,375","0,676"
2005,FRF_CHAR,"5,874","3,916","1,421","0,214"
2005,FRF_DORD,"11,715","7,81","1,049","0,351"
2005,FRF_GARO,"16,516","11,0106666667","1,167","0,408"
2005,FRF_LITT,"7,205","4,8033333333","0,742","0,157"
2005,FRF_LOT,"6,122","4,0813333333","0,224","0,102"
2005,FRF_TARN,"3,395","2,2633333333","1,493","0,123"
2006,09,"1,234","0,8226666667","0,058","0,019"
2006,11,"0,003","0,002","0,001",NA
2006,12,"0,578","0,3853333333","0,055","0,076"
2006,15,"1,042","0,6946666667","0,156","0,05"
2006,16,"4,576","3,0506666667","0,822","0,102"
2006,17,"1,974","1,316","0,135","0,065"
2006,19,"0,693","0,462","0,043","0,008"
2006,24,"4,08","2,72","0,396","0,077"
2006,31,"7,647","5,098","0,304","0,135"
2006,32,"1,207","0,8046666667","0,092","0,025"
2006,33,"10,718","7,1453333333","0,858","0,317"
2006,40,"19,93","13,2866666667","1,677","0,549"
2006,46,"0,833","0,5553333333","0,044","0,023"
2006,47,"5,939","3,9593333333","0,362","0,048"
2006,48,"0,112","0,0746666667","0,015","0,011"
2006,63,"0,266","0,1773333333","0,033","0,021"
2006,64,"3,286","2,1906666667","1,02","0,18"
2006,65,"1,185","0,79","0,33","0,06"
2006,79,"0,304","0,2026666667","0,108","0,025"
2006,81,"2,44","1,6266666667","0,823","0,075"
2006,82,"0,665","0,4433333333","0,052","0,037"
2006,86,"0,046","0,0306666667","0,017","0,018"
2006,87,"0,012","0,008",NA,NA
2006,bag,"81,627","54,418","7,736","1,966"
2006,FRF_ADOU,"23,45","15,6333333333","2,384","0,622"
2006,FRF_CHAR,"5,952","3,968","1,045","0,201"
2006,FRF_DORD,"10,654","7,1026666667","0,989","0,318"
2006,FRF_GARO,"16,011","10,674","1,134","0,329"
2006,FRF_LITT,"6,904","4,6026666667","0,752","0,16"
2006,FRF_LOT,"6,082","4,0546666667","0,252","0,135"
2006,FRF_TARN,"3,476","2,3173333333","0,919","0,115"
2007,09,"0,794","0,5293333333","0,042","0,012"
2007,11,"0,002","0,0013333333",NA,NA
2007,12,"0,456","0,304","0,06","0,048"
2007,15,"0,847","0,5646666667","0,122","0,056"
2007,16,"4,841","3,2273333333","0,97","0,118"
2007,17,"2,389","1,5926666667","0,128","0,059"
2007,19,"0,456","0,304","0,031","0,01"
2007,24,"3,541","2,3606666667","0,356","0,068"
2007,31,"7,289","4,8593333333","0,292","0,101"
2007,32,"0,87","0,58","0,073","0,029"
2007,33,"7,377","4,918","0,615","0,235"
2007,40,"15,913","10,6086666667","2,928","0,554"
2007,46,"0,921","0,614","0,064","0,03"
2007,47,"5,439","3,626","0,405","0,032"
2007,48,"0,1","0,0666666667","0,015","0,003"
2007,63,"0,284","0,1893333333","0,037","0,023"
2007,64,"2,493","1,662","0,799","0,177"
2007,65,"1,325","0,8833333333","0,352","0,048"
2007,79,"0,53","0,3533333333","0,132","0,029"
2007,81,"2,284","1,5226666667","0,609","0,053"
2007,82,"0,609","0,406","0,047","0,038"
2007,86,"0,022","0,0146666667","0,005","0,018"
2007,87,"0,01","0,0066666667",NA,NA
2007,bag,"68,815","45,8766666667","8,288","1,77"
2007,FRF_ADOU,"18,268","12,1786666667","3,318","0,572"
2007,FRF_CHAR,"6,614","4,4093333333","1,201","0,215"
2007,FRF_DORD,"8,873","5,9153333333","0,731","0,284"
2007,FRF_GARO,"12,665","8,4433333333","1,149","0,265"
2007,FRF_LITT,"7,241","4,8273333333","0,884","0,201"
2007,FRF_LOT,"5,631","3,754","0,204","0,074"
2007,FRF_TARN,"3,159","2,106","0,7","0,093"
2008,09,"1,1982033333","0,7988022222","0,02987","0,00729"
2008,12,"0,3007033333","0,2004688889","0,02472","0,01454"
2008,15,"0,2453533333","0,1635688889","0,04738","0,02665"
2008,16,"3,4353266667","2,2902177778","0,86015","0,12247"
2008,17,"3,43213","2,2880866667","0,20258","0,0796"
2008,19,"0,19905","0,1327","0,00361","0,00287"
2008,24,"2,8818533333","1,9212355556","0,29959","0,0857"
2008,31,"7,6089766667","5,0726511111","0,10996","0,01332"
2008,32,"0,4903966667","0,3269311111","0,04514","0,01005"
2008,33,"2,2808466667","1,5205644444","0,26729","0,05087"
2008,40,"15,1529633333","10,1019755556","3,1686","0,29043"
2008,46,"0,2397533333","0,1598355556","0,02884","0,04748"
2008,47,"4,15172","2,7678133333","0,17125","0,02853"
2008,48,"0,0613633333","0,0409088889","0,00221","0,0031"
2008,63,"0,2726","0,1817333333","0,02685","0,01516"
2008,64,"1,8987166667","1,2658111111","0,46864","0,09721"
2008,65,"0,33428","0,2228533333","0,19881","0,02637"
2008,79,"0,8142233333","0,5428155556","0,15443","0,0277"
2008,81,"1,43767","0,9584466667","0,3369","0,07793"
2008,82,"0,1554666667","0,1036444444","0,02811","0,01005"
2008,86,"0,0058133333","0,0038755556","0,00042","0,01034"
2008,87,"0,0150533333","0,0100355556","0,00012",1e-05
2008,bag,"61,8131366667","41,2087577778","7,85669","1,10765"
2008,FRF_ADOU,"16,4993","10,9995333333","3,1402","0,2944"
2008,FRF_CHAR,"4,99578","3,33052","1,06405","0,19376"
2008,FRF_DORD,"4,61489","3,0765933333","0,44258","0,18018"
2008,FRF_GARO,"11,1496033333","7,4330688889","0,52366","0,07668"
2008,FRF_LITT,"6,8165133333","4,5443422222","0,82073","0,10891"
2008,FRF_LOT,"4,00123","2,6674866667","0,1293","0,03773"
2008,FRF_TARN,"1,7351633333","1,1567755556","0,3772","0,09469"
2009,09,"1,0809566667","0,7206377778","0,01845","0,0062"
2009,12,"0,1973066667","0,1315377778","0,01712","0,01026"
2009,15,"0,23522","0,1568133333","0,02861","0,02201"
2009,16,"3,5888","2,3925333333","0,58321","0,08513"
2009,17,"3,8183866667","2,5455911111","0,17346","0,06398"
2009,19,"0,16522","0,1101466667","0,00731","0,00283"
2009,24,"2,3870966667","1,5913977778","0,25881","0,08472"
2009,31,"11,2171866667","7,4781244444","0,16468","0,01984"
2009,32,"0,6873866667","0,4582577778","0,05309","0,01437"
2009,33,"2,42847","1,61898","0,333","0,0497"
2009,40,"9,0261566667","6,0174377778","2,82311","0,22612"
2009,46,"0,2743066667","0,1828711111","0,02071","0,03332"
2009,47,"3,18069","2,12046","0,14301","0,03022"
2009,48,"0,0364966667","0,0243311111","0,00534","0,00126"
2009,63,"0,2528466667","0,1685644444","0,02519","0,01373"
2009,64,"1,79768","1,1984533333","0,34437","0,06914"
2009,65,"0,3215","0,2143333333","0,13078","0,00632"
2009,79,"0,8164166667","0,5442777778","0,14173","0,02353"
2009,81,"0,9756233333","0,6504155556","0,22275","0,04133"
2009,82,"0,1737733333","0,1158488889","0,02471","0,00959"
2009,86,"0,0120333333","0,0080222222","0,0013","0,00965"
2009,87,"0,0030833333","0,0020555556",NA,NA
2009,bag,"53,6689933333","35,7793288889","5,83062","0,87073"
2009,FRF_ADOU,"10,6264466667","7,0842977778","2,93324","0,21782"
2009,FRF_CHAR,"5,12077","3,4138466667","0,78218","0,14761"
2009,FRF_DORD,"4,0275433333","2,6850288889","0,36884","0,1524"
2009,FRF_GARO,"14,9231033333","9,9487355556","0,56162","0,07028"
2009,FRF_LITT,"6,1567833333","4,1045222222","0,57917","0,09494"
2009,FRF_LOT,"2,98127","1,9875133333","0,12616","0,03701"
2009,FRF_TARN,"1,09858","0,7323866667","0,23315","0,05008"
2010,09,"1,2254933333","0,8169955556","0,04584","0,00392"
2010,12,"0,1721833333","0,1147888889","0,01904","0,01028"
2010,15,"0,1745033333","0,1163355556","0,03361","0,02169"
2010,16,"3,1869566667","2,1246377778","0,54342","0,07252"
2010,17,"2,6503133333","1,7668755556","0,17638","0,05454"
2010,19,"0,1340066667","0,0893377778","0,01763","0,00291"
2010,24,"3,4539366667","2,3026244444","0,33035","0,09795"
2010,31,"8,81716","5,8781066667","0,14378","0,01279"
2010,32,"0,4193833333","0,2795888889","0,03855","0,01175"
2010,33,"2,5275133333","1,6850088889","0,29426","0,03773"
2010,40,"13,52279","9,0151933333","2,71689","0,23573"
2010,46,"0,3481166667","0,2320777778","0,03934","0,0691"
2010,47,"2,0158533333","1,3439022222","0,29917","0,03239"
2010,48,"0,09001","0,0600066667","0,02256","0,01953"
2010,63,"0,2653533333","0,1769022222","0,02612","0,01442"
2010,64,"2,0119933333","1,3413288889","0,4861","0,09653"
2010,65,"0,23387","0,1559133333","0,12081","0,01606"
2010,79,"0,7907533333","0,5271688889","0,17065","0,02835"
2010,81,"0,8482266667","0,5654844444","0,22197","0,05021"
2010,82,"0,18567","0,12378","0,01513","0,00648"
2010,86,"0,0206366667","0,0137577778","0,00089","0,00424"
2010,87,"0,0027733333","0,0018488889",NA,NA
2010,bag,"53,9453633333","35,9635755556","6,01585","0,95488"
2010,FRF_ADOU,"15,2575","10,1716666667","2,96876","0,23988"
2010,FRF_CHAR,"4,4446733333","2,9631155556","0,76363","0,12874"
2010,FRF_DORD,"5,0769966667","3,3846644444","0,4745","0,2042"
2010,FRF_GARO,"12,85627","8,5708466667","0,67906","0,0674"
2010,FRF_LITT,"5,08696","3,3913066667","0,47482","0,09103"
2010,FRF_LOT,"1,57423","1,0494866667","0,13056","0,03579"
2010,FRF_TARN,"1,00495","0,6699666667","0,24144","0,07289"
2011,09,"1,0264466667","0,6842977778","0,03483","0,0019"
2011,12,"0,18984","0,12656","0,02934","0,01439"
2011,15,"0,1381666667","0,0921111111","0,04018","0,01944"
2011,16,"3,9680733333","2,6453822222","0,64548","0,06684"
2011,17,"2,3021166667","1,5347444444","0,17898","0,04312"
2011,19,"0,13202","0,0880133333","0,00828","0,00273"
2011,24,"2,02087","1,3472466667","0,2223","0,05217"
2011,31,"7,01981","4,6798733333","0,11953","0,01939"
2011,32,"0,5338","0,3558666667","0,04308","0,00932"
2011,33,"2,89365","1,9291","0,37164","0,04413"
2011,40,"13,1994733333","8,7996488889","2,91893","0,25284"
2011,46,"0,3287633333","0,2191755556","0,02473","0,04752"
2011,47,"2,6181966667","1,7454644444","0,35393","0,03886"
2011,48,"0,04984","0,0332266667","0,00993","0,00544"
2011,63,"0,2965033333","0,1976688889","0,02494","0,00771"
2011,64,"1,7845633333","1,1897088889","0,40566","0,1133"
2011,65,"0,1202633333","0,0801755556","0,13517","0,01767"
2011,79,"0,7380866667","0,4920577778","0,17961","0,03271"
2011,81,"0,6967733333","0,4645155556","0,17766","0,03777"
2011,82,"0,13344","0,08896","0,01843","0,00885"
2011,86,"0,04055","0,0270333333","0,00246","0,00583"
2011,87,"0,0024733333","0,0016488889",NA,NA
2011,bag,"52,3506766667","34,9004511111","6,34084","0,88854"
2011,FRF_ADOU,"14,31246","9,54164","3,02783","0,24962"
2011,FRF_CHAR,"5,24732","3,4982133333","0,87637","0,12809"
2011,FRF_DORD,"3,5553266667","2,3702177778","0,33706","0,12921"
2011,FRF_GARO,"11,4706466667","7,6470977778","0,78651","0,07232"
2011,FRF_LITT,"6,1047866667","4,0698577778","0,56581","0,09507"
2011,FRF_LOT,"2,00824","1,3388266667","0,12075","0,04363"
2011,FRF_TARN,"0,8277133333","0,5518088889","0,20061","0,05328"
2012,09,"1,0611533333","0,7074355556","0,0289","0,00248"
2012,12,"0,15586","0,1039066667","0,01895","0,01509"
2012,15,"0,1956933333","0,1304622222","0,03877","0,02377"
2012,16,"3,8745533333","2,5830355556","0,51951","0,09796"
2012,17,"1,77274","1,1818266667","0,15276","0,02891"
2012,19,"0,1455833333","0,0970555556","0,00771","0,00251"
2012,24,"2,05564","1,3704266667","0,3022","0,07176"
2012,31,"7,76554","5,1770266667","0,22926","0,01584"
2012,32,"0,4073033333","0,2715355556","0,03155","0,00535"
2012,33,"2,37338","1,5822533333","0,41142","0,04592"
2012,40,"12,9426166667","8,6284111111","2,85827","0,3475"
2012,46,"0,3486766667","0,2324511111","0,0164","0,03513"
2012,47,"2,0934366667","1,3956244444","0,35807","0,03398"
2012,48,"0,03581","0,0238733333","0,02174","0,00356"
2012,63,"0,31059","0,20706","0,02667","0,00801"
2012,64,"1,6447466667","1,0964977778","1,89734","0,11526"
2012,65,"0,12171","0,08114","0,12131","0,01596"
2012,79,"0,7621266667","0,5080844444","0,165","0,02313"
2012,81,"0,5331933333","0,3554622222","0,189","0,05346"
2012,82,"0,1000933333","0,0667288889","0,02573","0,0064"
2012,86,"0,0204366667","0,0136244444","0,00155","0,00588"
2012,87,"0,0018533333","0,0012355556",NA,NA
2012,bag,"50,1025","33,4016666667","7,85109","1,02051"
2012,FRF_ADOU,"14,0319866667","9,3546577778","4,49591","0,34199"
2012,FRF_CHAR,"4,93843","3,2922866667","0,74245","0,13917"
2012,FRF_DORD,"3,6207933333","2,4138622222","0,40873","0,14054"
2012,FRF_GARO,"11,4992566667","7,6661711111","0,89709","0,06624"
2012,FRF_LITT,"5,3644466667","3,5762977778","0,53461","0,09043"
2012,FRF_LOT,"1,60189","1,0679266667","0,13939","0,03799"
2012,FRF_TARN,"0,7233066667","0,4822044444","0,24062","0,06857"
2013,09,"1,0099366667","0,6732911111","0,03975","0,0056"
2013,12,"0,2181833333","0,1454555556","0,02554","0,0187"
2013,15,"0,1303866667","0,0869244444","0,01729","0,01445"
2013,16,"4,1447066667","2,7631377778","0,55552","0,09685"
2013,17,"2,0271166667","1,3514111111","0,16206","0,03833"
2013,19,"0,0808533333","0,0539022222","0,00844","0,00233"
2013,24,"1,6530233333","1,1020155556","0,26008","0,04587"
2013,31,"7,94465","5,2964333333","0,09967","0,00957"
2013,32,"0,4389466667","0,2926311111","0,04408","0,00933"
2013,33,"2,4416266667","1,6277511111","0,26301","0,04574"
2013,40,"11,4917533333","7,6611688889","2,18831","0,21562"
2013,46,"0,2694266667","0,1796177778","0,02331","0,03488"
2013,47,"2,0730266667","1,3820177778","0,27536","0,02904"
2013,48,"0,0314433333","0,0209622222","0,00876","0,00439"
2013,63,"0,2735333333","0,1823555556","0,02425","0,00682"
2013,64,"1,4567133333","0,9711422222","0,36704","0,10807"
2013,65,"0,1214466667","0,0809644444","0,0967","0,01353"
2013,79,"0,8934366667","0,5956244444","0,18054","0,02116"
2013,81,"0,44336","0,2955733333","0,28479","0,05627"
2013,82,"0,0907733333","0,0605155556","0,03167","0,00676"
2013,86,"0,0055933333","0,0037288889","0,00044","0,00323"
2013,87,"0,0025433333","0,0016955556",NA,NA
2013,bag,"48,64668","32,43112","5,32139","0,87392"
2013,FRF_ADOU,"12,6401733333","8,4267822222","2,28605","0,21204"
2013,FRF_CHAR,"5,72711","3,8180733333","0,807","0,14747"
2013,FRF_DORD,"2,8976733333","1,9317822222","0,34449","0,10185"
2013,FRF_GARO,"11,6737466667","7,7824977778","0,56452","0,0672"
2013,FRF_LITT,"5,5390266667","3,6926844444","0,46825","0,08987"
2013,FRF_LOT,"1,6113666667","1,0742444444","0,12535","0,03515"
2013,FRF_TARN,"0,6980566667","0,4653711111","0,34098","0,0747"
2014,09,"0,9971933333","0,6647955556","0,04618","0,00856"
2014,12,"0,13094","0,0872933333","0,03144","0,01873"
2014,15,"0,1320066667","0,0880044444","0,0224","0,00982"
2014,16,"3,3950766667","2,2633844444","0,58742","0,09314"
2014,17,"1,5236566667","1,0157711111","0,14928","0,02549"
2014,19,"0,1032","0,0688","0,01117","0,00529"
2014,24,"1,44881","0,9658733333","0,28623","0,05832"
2014,31,"6,5793366667","4,3862244444","0,28673","0,03727"
2014,32,"0,3574766667","0,2383177778","0,04453","0,00803"
2014,33,"1,8963166667","1,2642111111","0,27633","0,04319"
2014,40,"12,1752133333","8,1168088889","1,93216","0,27045"
2014,46,"0,3619433333","0,2412955556","0,03082","0,03126"
2014,47,"2,8599233333","1,9066155556","0,23759","0,05074"
2014,48,"0,0328066667","0,0218711111","0,00415","0,00342"
2014,63,"0,28374","0,18916","0,0254","0,00704"
2014,64,"1,56552","1,04368","0,42519","0,10515"
2014,65,"0,1782666667","0,1188444444","0,14467","0,0157"
2014,79,"0,62262","0,41508","0,20978","0,02102"
2014,81,"0,36308","0,2420533333","0,1443","0,04653"
2014,82,"0,0808433333","0,0538955556","0,02059","0,00895"
2014,86,"0,00581","0,0038733333","0,00063","0,00736"
2014,87,"0,0025266667","0,0016844444",NA,NA
2014,bag,"47,10878","31,4058533333","5,2217","0,94489"
2014,FRF_ADOU,"13,2963566667","8,8642377778","2,14986","0,25825"
2014,FRF_CHAR,"4,2176333333","2,8117555556","0,83123","0,13217"
2014,FRF_DORD,"2,83108","1,8873866667","0,39309","0,11026"
2014,FRF_GARO,"9,6274233333","6,4182822222","0,67482","0,09278"
2014,FRF_LITT,"5,7216666667","3,8144444444","0,50009","0,10054"
2014,FRF_LOT,"2,5996566667","1,7331044444","0,17","0,05828"
2014,FRF_TARN,"0,5259766667","0,3506511111","0,18718","0,06459"
2015,09,"0,9478","0,6318666667","0,0395","0,00938"
2015,12,"0,1377633333","0,0918422222","0,04178","0,02088"
2015,15,"0,1959033333","0,1306022222","0,03104","0,01423"
2015,16,"4,1371333333","2,7580888889","0,54698","0,07989"
2015,17,"1,33383","0,88922","0,16336","0,0332"
2015,19,"0,2250566667","0,1500377778","0,027","0,00598"
2015,24,"1,9725366667","1,3150244444","0,3596","0,07199"
2015,31,"5,2961966667","3,5307977778","0,20168","0,01988"
2015,32,"0,26559","0,17706","0,04353","0,00793"
2015,33,"2,0978233333","1,3985488889","0,25481","0,04572"
2015,40,"10,9046166667","7,2697444444","2,15996","0,32769"
2015,46,"0,39184","0,2612266667","0,02613","0,02376"
2015,47,"1,16453","0,7763533333","0,06863","0,02403"
2015,48,"0,0293033333","0,0195355556","0,00519","0,00402"
2015,63,"0,2975433333","0,1983622222","0,02598","0,00747"
2015,64,"1,4687366667","0,9791577778","0,48563","0,11615"
2015,65,"0,12944","0,0862933333","0,12642","0,01615"
2015,79,"1,0901633333","0,7267755556","0,19147","0,02052"
2015,81,"0,35802","0,23868","0,32227","0,04066"
2015,82,"0,0715733333","0,0477155556","0,01735","0,00631"
2015,86,"0,0091466667","0,0060977778","0,00101","0,00788"
2015,87,"0,0032933333","0,0021955556",NA,NA
2015,bag,"44,88746","29,9249733333","5,54187","0,99427"
2015,FRF_ADOU,"11,9383733333","7,9589155556","2,39617","0,29968"
2015,FRF_CHAR,"5,3917033333","3,5944688889","0,77353","0,11898"
2015,FRF_DORD,"3,4278666667","2,2852444444","0,48765","0,12268"
2015,FRF_GARO,"8,3724033333","5,5816022222","0,51146","0,07572"
2015,FRF_LITT,"6,12863","4,0857533333","0,53261","0,11532"
2015,FRF_LOT,"1,0828833333","0,7219222222","0,04542","0,02719"
2015,FRF_TARN,"0,5173333333","0,3448888889","0,36983","0,06284"
2016,09,"0,89173","0,5944866667","0,05254","0,00544"
2016,12,"0,1076933333","0,0717955556","0,03396","0,01431"
2016,15,"0,10303","0,0686866667","0,01946","0,01116"
2016,16,"3,75722","2,5048133333","0,52548","0,08189"
2016,17,"1,2386366667","0,8257577778","0,18321","0,0555"
2016,19,"0,1694966667","0,1129977778","0,01393","0,00678"
2016,24,"1,6506333333","1,1004222222","0,19754","0,04452"
2016,31,"4,5122266667","3,0081511111","0,07248","0,03824"
2016,32,"0,2208266667","0,1472177778","0,04943","0,00876"
2016,33,"2,0426666667","1,3617777778","0,29616","0,04897"
2016,40,"9,8875466667","6,5916977778","2,87964","0,2811"
2016,46,"0,1822433333","0,1214955556","0,01948","0,01398"
2016,47,"1,52625","1,0175","0,15035","0,02641"
2016,48,"0,0303933333","0,0202622222","0,00468","0,00422"
2016,63,"0,1694233333","0,1129488889","0,01434","0,00617"
2016,64,"1,6751933333","1,1167955556","0,36022","0,10109"
2016,65,"0,08575","0,0571666667","0,14788","0,0173"
2016,79,"0,91926","0,61284","0,22302","0,02497"
2016,81,"0,3327166667","0,2218111111","0,2424","0,04429"
2016,82,"0,0725333333","0,0483555556","0,01716","0,00704"
2016,86,"0,0156366667","0,0104244444","0,00242","0,00589"
2016,87,"0,0020633333","0,0013755556",NA,NA
2016,bag,"40,58983","27,0598866667","5,83191","0,92325"
2016,FRF_ADOU,"11,0323233333","7,3548822222","2,99591","0,27368"
2016,FRF_CHAR,"4,85589","3,23726","0,78008","0,12194"
2016,FRF_DORD,"2,8000833333","1,8667222222","0,28231","0,08186"
2016,FRF_GARO,"7,36913","4,9127533333","0,50457","0,09476"
2016,FRF_LITT,"5,5587566667","3,7058377778","0,49173","0,09393"
2016,FRF_LOT,"1,29015","0,8601","0,06392","0,02655"
2016,FRF_TARN,"0,4891766667","0,3261177778","0,28144","0,0611"
2017,09,"0,97298","0,6486533333","0,04399","0,00682"
2017,12,"0,1119066667","0,0746044444","0,04675","0,00741"
2017,15,"0,1107533333","0,0738355556","0,01849","0,01393"
2017,16,"2,6528333333","1,7685555556","0,3959","0,06629"
2017,17,"0,9282266667","0,6188177778","0,16354","0,05505"
2017,19,"0,14448","0,09632","0,02638","0,0064"
2017,24,"2,0432633333","1,3621755556","0,40756","0,06836"
2017,31,"4,6826066667","3,1217377778","0,13875","0,05639"
2017,32,"0,1994533333","0,1329688889","0,05035","0,00897"
2017,33,"1,5781666667","1,0521111111","0,28791","0,04277"
2017,40,"10,5813366667","7,0542244444","1,91918","0,24694"
2017,46,"0,2320466667","0,1546977778","0,0382","0,01428"
2017,47,"1,61407","1,0760466667","0,16093","0,03706"
2017,48,"0,0359166667","0,0239444444","0,01151","0,00513"
2017,63,"0,1844766667","0,1229844444","0,01861","0,00666"
2017,64,"1,1912133333","0,7941422222","0,47024","0,0817"
2017,65,"0,06478","0,0431866667","0,1362","0,01787"
2017,79,"0,35346","0,23564","0,10877","0,01701"
2017,81,"0,2791733333","0,1861155556","0,12444","0,03308"
2017,82,"0,0636166667","0,0424111111","0,01341","0,0092"
2017,86,"0,0207833333","0,0138555556","0,00332","0,01555"
2017,87,"0,00272","0,0018133333",NA,NA
2017,bag,"37,36588","24,9105866667","4,95467","0,84998"
2017,FRF_ADOU,"11,3298666667","7,5532444444","2,16218","0,25842"
2017,FRF_CHAR,"3,12025","2,0801666667","0,53874","0,1066"
2017,FRF_DORD,"3,1237033333","2,0824688889","0,51508","0,10868"
2017,FRF_GARO,"7,3655166667","4,9103444444","0,47706","0,10491"
2017,FRF_LITT,"4,9915066667","3,3276711111","0,52952","0,08957"
2017,FRF_LOT,"1,36604","0,9106933333","0,15937","0,03487"
2017,FRF_TARN,"0,41192","0,2746133333","0,16683","0,0522"
